/*
 Navicat Premium Data Transfer

 Source Server         : localhost
 Source Server Type    : MariaDB
 Source Server Version : 100410
 Source Host           : localhost:3306
 Source Schema         : helpyou

 Target Server Type    : MariaDB
 Target Server Version : 100410
 File Encoding         : 65001

 Date: 10/01/2026 11:16:52
*/

SET NAMES utf8mb4;
SET FOREIGN_KEY_CHECKS = 0;

-- ----------------------------
-- Table structure for banks
-- ----------------------------
DROP TABLE IF EXISTS `banks`;
CREATE TABLE `banks`  (
  `id` int(11) NOT NULL AUTO_INCREMENT,
  `branch_id` int(11) NULL DEFAULT NULL,
  `name` varchar(255) CHARACTER SET utf8 COLLATE utf8_general_ci NULL DEFAULT NULL,
  `number` varchar(50) CHARACTER SET utf8 COLLATE utf8_general_ci NULL DEFAULT NULL,
  `type` enum('bank','cash') CHARACTER SET utf8 COLLATE utf8_general_ci NULL DEFAULT NULL,
  PRIMARY KEY (`id`) USING BTREE
) ENGINE = InnoDB AUTO_INCREMENT = 3 CHARACTER SET = utf8 COLLATE = utf8_general_ci ROW_FORMAT = Dynamic;

-- ----------------------------
-- Records of banks
-- ----------------------------
INSERT INTO `banks` VALUES (1, 1, 'Cash', '0', 'cash');
INSERT INTO `banks` VALUES (2, 1, 'ABA', '015 566 584', 'bank');

-- ----------------------------
-- Table structure for branches
-- ----------------------------
DROP TABLE IF EXISTS `branches`;
CREATE TABLE `branches`  (
  `id` int(10) UNSIGNED NOT NULL AUTO_INCREMENT,
  `code` varchar(100) CHARACTER SET utf8 COLLATE utf8_general_ci NULL DEFAULT NULL,
  `image` varchar(255) CHARACTER SET utf8 COLLATE utf8_general_ci NULL DEFAULT NULL,
  `branch_en` varchar(255) CHARACTER SET utf8 COLLATE utf8_general_ci NOT NULL,
  `branch_kh` varchar(255) CHARACTER SET utf8 COLLATE utf8_general_ci NULL DEFAULT NULL,
  `address_en` varchar(255) CHARACTER SET utf8 COLLATE utf8_general_ci NULL DEFAULT NULL,
  `address_kh` varchar(255) CHARACTER SET utf8 COLLATE utf8_general_ci NULL DEFAULT NULL,
  `phone` varchar(255) CHARACTER SET utf8 COLLATE utf8_general_ci NULL DEFAULT NULL,
  `order_display` int(10) UNSIGNED NULL DEFAULT NULL,
  `active` tinyint(1) NOT NULL DEFAULT 1,
  `created_at` datetime(0) NULL DEFAULT NULL,
  `delete` tinyint(1) NULL DEFAULT 0,
  `deleted_by` int(11) NULL DEFAULT NULL,
  PRIMARY KEY (`id`) USING BTREE
) ENGINE = InnoDB AUTO_INCREMENT = 4 CHARACTER SET = utf8 COLLATE = utf8_general_ci ROW_FORMAT = Dynamic;

-- ----------------------------
-- Records of branches
-- ----------------------------
INSERT INTO `branches` VALUES (1, 'PH', '4f248bf1df7bf5a3e7169ba0f5744a63.jpeg', 'HELPYOU', 'ហ៊ែបយូរ', 'Phnom Penh', 'ភ្នំពេញ', '012 373 883', 1, 1, '2025-05-30 21:03:33', 0, 1);
INSERT INTO `branches` VALUES (2, 'HENG', '82a06ab49960eca90455ff4ad083bfa5.jpeg', 'Koem Heng', 'សាខាកំពង់សោម', 'Takoe', 'តាកែវ', '010 37 47 94', 2, 1, NULL, 0, NULL);
INSERT INTO `branches` VALUES (3, 'HENGTK', 'f556006c712866e9f662901bddbd3aa4.jpeg', 'Koemheng TK', 'សាខាសៀមរាប', 'Takoe', 'តាកែវ', 'N/A', 1, 0, NULL, 0, NULL);

-- ----------------------------
-- Table structure for categories
-- ----------------------------
DROP TABLE IF EXISTS `categories`;
CREATE TABLE `categories`  (
  `id` int(11) NOT NULL AUTO_INCREMENT,
  `code` varchar(200) CHARACTER SET utf8 COLLATE utf8_general_ci NOT NULL,
  `name` varchar(200) CHARACTER SET utf8 COLLATE utf8_general_ci NOT NULL,
  `image` varchar(100) CHARACTER SET utf8 COLLATE utf8_general_ci NULL DEFAULT 'no_image.png',
  `order_display` int(11) NULL DEFAULT NULL,
  `display` tinyint(1) NULL DEFAULT 1,
  PRIMARY KEY (`id`) USING BTREE
) ENGINE = InnoDB AUTO_INCREMENT = 20 CHARACTER SET = utf8 COLLATE = utf8_general_ci ROW_FORMAT = Dynamic;

-- ----------------------------
-- Records of categories
-- ----------------------------
INSERT INTO `categories` VALUES (17, 'Snake', 'ប្រភេទនំ', 'no_image.png', 1, 1);
INSERT INTO `categories` VALUES (18, 'Beer', 'Beer', 'no_image.png', 2, 1);

-- ----------------------------
-- Table structure for currencies
-- ----------------------------
DROP TABLE IF EXISTS `currencies`;
CREATE TABLE `currencies`  (
  `id` int(11) NOT NULL AUTO_INCREMENT,
  `code` varchar(50) CHARACTER SET utf8 COLLATE utf8_general_ci NULL DEFAULT NULL,
  `name` varchar(50) CHARACTER SET utf8 COLLATE utf8_general_ci NULL DEFAULT NULL,
  `symbol` varchar(20) CHARACTER SET utf8 COLLATE utf8_general_ci NULL DEFAULT NULL,
  `operator` varchar(10) CHARACTER SET utf8 COLLATE utf8_general_ci NULL DEFAULT NULL,
  `rate` decimal(8, 2) NULL DEFAULT NULL,
  `deleted` tinyint(1) NULL DEFAULT 0,
  `deleted_by` int(11) NULL DEFAULT NULL,
  PRIMARY KEY (`id`) USING BTREE
) ENGINE = InnoDB AUTO_INCREMENT = 4 CHARACTER SET = utf8 COLLATE = utf8_general_ci ROW_FORMAT = Dynamic;

-- ----------------------------
-- Records of currencies
-- ----------------------------
INSERT INTO `currencies` VALUES (1, 'KHR', 'រៀល', '$', '/', 4000.00, 0, NULL);
INSERT INTO `currencies` VALUES (2, 'THB', 'បាទ', 'B', '*', 36.00, 1, 1);
INSERT INTO `currencies` VALUES (3, 'USD', 'Dollar', '$', '*', 1.00, 0, NULL);

-- ----------------------------
-- Table structure for customers
-- ----------------------------
DROP TABLE IF EXISTS `customers`;
CREATE TABLE `customers`  (
  `id` int(11) NOT NULL AUTO_INCREMENT,
  `name` varchar(255) CHARACTER SET utf8 COLLATE utf8_general_ci NULL DEFAULT NULL,
  `phone` varchar(255) CHARACTER SET utf8 COLLATE utf8_general_ci NULL DEFAULT NULL,
  `address` varchar(255) CHARACTER SET utf8 COLLATE utf8_general_ci NULL DEFAULT NULL,
  `image` varchar(255) CHARACTER SET utf8 COLLATE utf8_general_ci NULL DEFAULT NULL,
  `branch_id` int(11) NULL DEFAULT NULL,
  PRIMARY KEY (`id`) USING BTREE
) ENGINE = InnoDB AUTO_INCREMENT = 2 CHARACTER SET = utf8 COLLATE = utf8_general_ci ROW_FORMAT = Dynamic;

-- ----------------------------
-- Records of customers
-- ----------------------------
INSERT INTO `customers` VALUES (1, 'Mr Phea', '010 367 47 94', 'Kompong cham', 'no_image.png', 1);

-- ----------------------------
-- Table structure for groups
-- ----------------------------
DROP TABLE IF EXISTS `groups`;
CREATE TABLE `groups`  (
  `id` mediumint(8) UNSIGNED NOT NULL AUTO_INCREMENT,
  `name` varchar(20) CHARACTER SET utf8 COLLATE utf8_general_ci NOT NULL,
  `description` varchar(100) CHARACTER SET utf8 COLLATE utf8_general_ci NOT NULL,
  PRIMARY KEY (`id`) USING BTREE
) ENGINE = InnoDB AUTO_INCREMENT = 6 CHARACTER SET = utf8 COLLATE = utf8_general_ci ROW_FORMAT = Dynamic;

-- ----------------------------
-- Records of groups
-- ----------------------------
INSERT INTO `groups` VALUES (1, 'admin', 'Administrator');
INSERT INTO `groups` VALUES (2, 'Accountant', 'Accountant');
INSERT INTO `groups` VALUES (4, 'management team', 'management team');
INSERT INTO `groups` VALUES (5, 'sale', 'sale');

-- ----------------------------
-- Table structure for login_attempts
-- ----------------------------
DROP TABLE IF EXISTS `login_attempts`;
CREATE TABLE `login_attempts`  (
  `id` mediumint(8) UNSIGNED NOT NULL AUTO_INCREMENT,
  `ip_address` varbinary(16) NOT NULL,
  `login` varchar(100) CHARACTER SET utf8 COLLATE utf8_general_ci NOT NULL,
  `time` int(10) UNSIGNED NULL DEFAULT NULL,
  PRIMARY KEY (`id`) USING BTREE
) ENGINE = InnoDB AUTO_INCREMENT = 1 CHARACTER SET = utf8 COLLATE = utf8_general_ci ROW_FORMAT = Dynamic;

-- ----------------------------
-- Records of login_attempts
-- ----------------------------

-- ----------------------------
-- Table structure for payments
-- ----------------------------
DROP TABLE IF EXISTS `payments`;
CREATE TABLE `payments`  (
  `id` int(11) NOT NULL AUTO_INCREMENT,
  `invoice_id` int(11) NULL DEFAULT NULL,
  `paid_by` int(11) NULL DEFAULT NULL,
  `amount` decimal(10, 3) NULL DEFAULT NULL,
  `balance` decimal(10, 3) NULL DEFAULT NULL,
  `created_by` int(11) NULL DEFAULT NULL,
  `date` datetime(0) NULL DEFAULT NULL,
  `created_at` datetime(0) NULL DEFAULT NULL,
  PRIMARY KEY (`id`) USING BTREE
) ENGINE = InnoDB AUTO_INCREMENT = 4 CHARACTER SET = utf8 COLLATE = utf8_general_ci ROW_FORMAT = Dynamic;

-- ----------------------------
-- Records of payments
-- ----------------------------
INSERT INTO `payments` VALUES (1, 7, 2, 50.000, 0.000, 1, '2025-03-20 00:00:00', '2025-07-30 19:06:12');
INSERT INTO `payments` VALUES (2, 8, 1, 10.000, 0.000, 1, '2025-08-01 00:00:00', '2025-08-08 21:01:49');
INSERT INTO `payments` VALUES (3, 9, 2, 100.000, 0.000, 1, '2025-08-12 00:00:00', '2025-08-12 07:10:13');

-- ----------------------------
-- Table structure for permissions
-- ----------------------------
DROP TABLE IF EXISTS `permissions`;
CREATE TABLE `permissions`  (
  `id` int(11) NOT NULL AUTO_INCREMENT,
  `group_id` int(11) NULL DEFAULT NULL,
  `product_view` int(11) NULL DEFAULT NULL,
  `product_add` int(11) NULL DEFAULT NULL,
  `product_edit` int(11) NULL DEFAULT NULL,
  `product_delete` int(11) NULL DEFAULT NULL,
  `product_cost` int(11) NULL DEFAULT NULL,
  `product_price` int(11) NULL DEFAULT NULL,
  `product_adjustment` int(11) NULL DEFAULT NULL,
  `product_import` int(11) NULL DEFAULT NULL,
  `product_barcode` int(11) NULL DEFAULT NULL,
  `category_view` int(11) NULL DEFAULT NULL,
  `category_add` int(1) UNSIGNED ZEROFILL NULL DEFAULT NULL,
  `category_edit` int(11) NULL DEFAULT NULL,
  `category_delete` int(11) NULL DEFAULT NULL,
  `category_import` int(11) NULL DEFAULT NULL,
  `sale_view` int(11) NULL DEFAULT NULL,
  `sale_add` int(11) NULL DEFAULT NULL,
  `sale_edit` int(11) NULL DEFAULT NULL,
  `sale_delete` int(11) NULL DEFAULT NULL,
  `pos` int(11) NULL DEFAULT NULL,
  `sale_payment` int(11) NULL DEFAULT NULL,
  `view_payment` int(11) NULL DEFAULT NULL,
  `sale_return-add` int(11) NULL DEFAULT NULL,
  `sale_return-view` int(11) NULL DEFAULT NULL,
  `sale_listbill` int(11) NULL DEFAULT NULL,
  `purchase_view` int(11) NULL DEFAULT NULL,
  `purchase_add` int(11) NULL DEFAULT NULL,
  `purchase_edit` int(11) NULL DEFAULT NULL,
  `purchase_delete` int(11) NULL DEFAULT NULL,
  `add_purchase-return` int(11) NULL DEFAULT NULL,
  `purchase_return` int(11) NULL DEFAULT NULL,
  `purchase_payment` int(11) NULL DEFAULT NULL,
  `list_payments` int(11) NULL DEFAULT NULL,
  `add_expense` int(11) NULL DEFAULT NULL,
  `list_expenses` int(11) NULL DEFAULT NULL,
  `customer_view` int(11) NULL DEFAULT NULL,
  `customer_add` int(11) NULL DEFAULT NULL,
  `customer_edit` int(11) NULL DEFAULT NULL,
  `customer_delete` int(11) NULL DEFAULT NULL,
  `supplier_view` int(11) NULL DEFAULT NULL,
  `supplier_add` int(11) NULL DEFAULT NULL,
  `supplier_edit` int(11) NULL DEFAULT NULL,
  `supplier_delete` int(11) NULL DEFAULT NULL,
  `unit_view` int(11) NULL DEFAULT NULL,
  `unit_add` int(11) NULL DEFAULT NULL,
  `unit_edit` int(11) NULL DEFAULT NULL,
  `unit_delete` int(11) NULL DEFAULT NULL,
  `bank_view` int(11) NULL DEFAULT NULL,
  `bank_add` int(11) NULL DEFAULT NULL,
  `bank_edit` int(11) NULL DEFAULT NULL,
  `bank_delete` int(11) NULL DEFAULT NULL,
  `currency_view` int(11) NULL DEFAULT NULL,
  `currency_add` int(11) NULL DEFAULT NULL,
  `currency_edit` int(11) NULL DEFAULT NULL,
  `currency_delete` int(11) NULL DEFAULT NULL,
  `reports_dialy-sales` int(11) NULL DEFAULT NULL,
  `reports_monthly-sales` int(11) NULL DEFAULT NULL,
  `reports_sale-reports` int(11) NULL DEFAULT NULL,
  `reports_saleitem-reports` int(11) NULL DEFAULT NULL,
  `reports_payment-reports` int(11) NULL DEFAULT NULL,
  `reports_stock-reports` int(11) NULL DEFAULT NULL,
  `reports_bank-reports` int(11) NULL DEFAULT NULL,
  `reports_register-reports` int(11) NULL DEFAULT NULL,
  `reports_topproduct-reports` int(11) NULL DEFAULT NULL,
  `reports_purchase-reports` int(11) NULL DEFAULT NULL,
  `reports_purchaseitem-reports` int(11) NULL DEFAULT NULL,
  `reports_stock_in_stock_out-report` int(11) NULL DEFAULT NULL,
  `reports_account_receivable-report` int(11) NULL DEFAULT NULL,
  `reports_account_payable-report` int(11) NULL DEFAULT NULL,
  `quote_view` int(11) NULL DEFAULT NULL,
  `quote_add` int(11) NULL DEFAULT NULL,
  `quote_edit` int(11) NULL DEFAULT NULL,
  `quote_delete` int(11) NULL DEFAULT NULL,
  `tranfer_view` int(11) NULL DEFAULT NULL,
  `tranfer_add` int(11) NULL DEFAULT NULL,
  `tranfer_edit` int(11) NULL DEFAULT NULL,
  `tranfer_delete` int(11) NULL DEFAULT NULL,
  `variant_view` int(11) NULL DEFAULT NULL,
  `variant_add` int(11) NULL DEFAULT NULL,
  `variant_edit` int(11) NULL DEFAULT NULL,
  `variant_delete` int(11) NULL DEFAULT NULL,
  `store_location_view` int(11) NULL DEFAULT NULL,
  `store_location_add` int(11) NULL DEFAULT NULL,
  `store_location_edit` int(11) NULL DEFAULT NULL,
  `store_location_delete` int(11) NULL DEFAULT NULL,
  `promotion_view` int(11) NULL DEFAULT NULL,
  `promotion_add` int(11) NULL DEFAULT NULL,
  `promotion_edit` int(11) NULL DEFAULT NULL,
  `promotion_delete` int(11) NULL DEFAULT NULL,
  `contact_us_view` int(11) NULL DEFAULT NULL,
  `contact_us_add` int(11) NULL DEFAULT NULL,
  `contact_us_edit` int(11) NULL DEFAULT NULL,
  `contact_us_delete` int(11) NULL DEFAULT NULL,
  `payment_method_view` int(11) NULL DEFAULT NULL,
  `payment_method_add` int(11) NULL DEFAULT NULL,
  `payment_method_edit` int(11) NULL DEFAULT NULL,
  `payment_method_delete` int(11) NULL DEFAULT NULL,
  `follow_us_view` int(11) NULL DEFAULT NULL,
  `follow_us_add` int(11) NULL DEFAULT NULL,
  `follow_us_edit` int(11) NULL DEFAULT NULL,
  `follow_us_delete` int(11) NULL DEFAULT NULL,
  `event_news_view` int(11) NULL DEFAULT NULL,
  `event_news_add` int(11) NULL DEFAULT NULL,
  `event_news_edit` int(11) NULL DEFAULT NULL,
  `event_news_delete` int(11) NULL DEFAULT NULL,
  `job_opportunities_view` int(11) NULL DEFAULT NULL,
  `job_opportunities_add` int(11) NULL DEFAULT NULL,
  `job_opportunities_edit` int(11) NULL DEFAULT NULL,
  `job_opportunities_delete` int(11) NULL DEFAULT NULL,
  PRIMARY KEY (`id`) USING BTREE
) ENGINE = MyISAM AUTO_INCREMENT = 6 CHARACTER SET = utf8 COLLATE = utf8_general_ci ROW_FORMAT = Fixed;

-- ----------------------------
-- Records of permissions
-- ----------------------------
INSERT INTO `permissions` VALUES (2, 2, 1, 1, 1, 1, 1, 1, 1, 1, 1, 1, 1, 1, 0, 1, 1, 1, 1, 0, 1, 1, 1, 1, 1, 0, 1, 1, 1, 0, 1, 1, 1, 1, 1, 1, 1, 1, 1, 1, 1, 1, 1, 0, 1, 1, 1, 0, 1, 1, 1, 0, 1, 1, 1, 1, 1, 0, 0, 0, 1, 1, 1, 1, 0, 1, 1, 1, 0, 0, 1, 1, 1, 1, 1, 1, 1, 1, 1, 1, 1, 0, 1, 1, 1, 0, 1, 1, 1, 1, 1, 1, 0, 1, 1, 1, 1, 1, 1, 1, 0, 1, 1, 1, 0, 1, 1, 1, 1, 1);
INSERT INTO `permissions` VALUES (3, 3, 1, 1, 1, 1, 1, 0, 0, 0, 0, 1, 1, 1, 1, 1, 1, 1, 1, 1, 1, 1, 1, 1, 1, 1, 1, 1, 1, 1, 1, 1, 1, 1, 1, 1, 1, 1, 1, 1, 1, 1, 1, 1, 1, 1, 1, 1, 1, 1, 1, 1, 1, 1, 1, 1, 1, 1, 1, 1, 1, 1, 1, 1, 1, 1, 1, 1, 1, 1, 1, 0, 0, 0, 1, 0, 0, 0, 1, 0, 0, 0, 1, 0, 0, 0, 1, 0, 0, 0, 1, 0, 0, 0, 1, 0, 0, 0, 1, 0, 0, 0, 1, 0, 0, 0, 1, 0, 0, 0);
INSERT INTO `permissions` VALUES (4, 4, 1, 0, 1, 0, 1, 1, 0, 0, 1, 1, 1, 1, 0, 1, 1, 1, 1, 0, 1, 0, 1, 1, 0, 0, 1, 0, 1, 0, 1, 1, 1, 1, 0, 0, 1, 1, 1, 0, 1, 1, 1, 0, 1, 1, 1, 0, 1, 1, 1, 0, 1, 1, 1, 0, 1, 1, 1, 1, 1, 1, 1, 1, 1, 1, 0, 1, 1, 1, 1, 1, 1, 0, 1, 1, 1, 0, 1, 1, 1, 0, 1, 1, 1, 0, 1, 1, 1, 0, 1, 1, 1, 0, 1, 1, 1, 0, 1, 1, 1, 0, 1, 1, 1, 0, 1, 1, 1, 0);
INSERT INTO `permissions` VALUES (5, 5, 1, 0, 0, 0, 0, 0, 0, 0, 0, 0, 0, 0, 0, 0, 1, 1, 0, 0, 0, 1, 1, 1, 1, 0, 0, 0, 0, 0, 0, 0, 0, 1, 0, 0, 1, 1, 1, 0, 0, 0, 0, 0, 0, 0, 0, 0, 0, 0, 0, 0, 0, 0, 0, 0, 1, 1, 0, 0, 1, 0, 0, 0, 0, 0, 0, 1, 1, 0, 1, 1, 1, 1, 0, 0, 0, 0, 0, 0, 0, 0, 1, 0, 0, 0, 1, 0, 0, 0, 1, 0, 0, 0, 0, 0, 0, 0, 1, 0, 0, 0, 1, 1, 1, 0, 1, 0, 0, 0);

-- ----------------------------
-- Table structure for products
-- ----------------------------
DROP TABLE IF EXISTS `products`;
CREATE TABLE `products`  (
  `id` int(11) NOT NULL AUTO_INCREMENT,
  `code` varchar(100) CHARACTER SET utf8mb4 COLLATE utf8mb4_general_ci NOT NULL,
  `name` varchar(255) CHARACTER SET utf8mb4 COLLATE utf8mb4_general_ci NOT NULL,
  `image` varchar(255) CHARACTER SET utf8mb4 COLLATE utf8mb4_general_ci NULL DEFAULT NULL,
  `category_id` int(11) NULL DEFAULT NULL,
  `unit_id` int(11) NULL DEFAULT NULL,
  `price` decimal(10, 4) NULL DEFAULT 0.0000,
  `cost` decimal(10, 4) NULL DEFAULT 0.0000,
  `active` tinyint(1) NULL DEFAULT 1,
  `order_display` int(10) NULL DEFAULT NULL,
  `created_by` int(11) NULL DEFAULT NULL,
  `created_at` datetime(0) NULL DEFAULT current_timestamp,
  `updated_by` int(11) NULL DEFAULT NULL,
  `updated_at` datetime(0) NULL DEFAULT NULL ON UPDATE CURRENT_TIMESTAMP,
  `deleted` tinyint(1) NULL DEFAULT 0,
  `deleted_by` int(11) NULL DEFAULT NULL,
  `deleted_at` datetime(0) NULL DEFAULT NULL,
  PRIMARY KEY (`id`) USING BTREE,
  UNIQUE INDEX `uniq_code`(`code`) USING BTREE,
  INDEX `idx_category`(`category_id`) USING BTREE,
  INDEX `idx_unit`(`unit_id`) USING BTREE
) ENGINE = InnoDB AUTO_INCREMENT = 23 CHARACTER SET = utf8mb4 COLLATE = utf8mb4_general_ci ROW_FORMAT = Dynamic;

-- ----------------------------
-- Records of products
-- ----------------------------
INSERT INTO `products` VALUES (1, 'SLM-1001', 'Sparkle Lemonade', 'no_image.png', 17, 1, 1.5000, 1.0000, 1, 0, 1, '2025-08-18 20:50:01', 1, '2025-10-16 20:39:00', 0, NULL, NULL);
INSERT INTO `products` VALUES (2, 'CCS-2002', 'Crunchy Corn Snacks', 'no_image.png', 17, 1, 1.0000, 0.5000, 1, 0, 1, '2025-08-18 20:50:42', 1, '2025-10-16 20:39:00', 0, NULL, NULL);
INSERT INTO `products` VALUES (3, 'PMW-3003', 'PureSpring Mineral Water', 'no_image.png', 18, 1, 10.0000, 2.0000, 1, 0, 1, '2025-08-18 21:16:20', 1, '2025-10-16 20:39:00', 0, NULL, NULL);
INSERT INTO `products` VALUES (4, 'GWB-4004', 'Golden Wheat Bread', 'no_image.png', 19, 22, 12.0000, 10.0000, 1, 3, 1, '2025-08-21 20:45:59', 1, '2025-10-16 20:39:00', 0, NULL, NULL);
INSERT INTO `products` VALUES (5, 'ZED-5005', 'Zesty Energy Drink', 'no_image.png', 17, 1, 2.0000, 0.5000, 1, 4, 1, '2025-08-21 20:47:43', 1, '2025-10-16 20:39:00', 0, NULL, NULL);
INSERT INTO `products` VALUES (6, 'CCB-6006', 'Creamy Chocolate Bar', 'no_image.png', 17, 2, 50.0000, 0.5000, 1, 1, 1, '2025-10-16 20:30:35', 1, '2025-10-16 20:46:31', 0, NULL, NULL);
INSERT INTO `products` VALUES (7, 'FMT-7007', 'FreshMint Toothpaste', 'no_image.png', 19, 23, 3.0000, 3.0000, 1, 1, 1, '2025-10-16 20:31:36', 1, '2025-10-16 20:46:39', 0, NULL, NULL);
INSERT INTO `products` VALUES (8, 'SAJ-8008', 'Sunny Orchard Apple Juice', 'no_image.png', 19, 1, 1.0000, 0.5000, 1, 1, 1, '2025-10-16 20:32:41', 1, '2025-10-16 20:39:00', 0, NULL, NULL);
INSERT INTO `products` VALUES (9, 'SNP-9009', 'Spicy Noodle Pack', 'no_image.png', 19, 23, 0.7000, 0.5000, 1, 1, 1, '2025-10-16 20:33:07', 1, '2025-10-16 20:39:00', 0, NULL, NULL);
INSERT INTO `products` VALUES (10, 'EDS-1010', 'EcoClean Dish Soap', 'b8efaadd63786f41321b22a8206b1228.jpeg', 17, 25, 10.0000, 5.0000, 1, 1, 1, '2025-10-16 20:34:14', 1, '2026-01-08 15:08:57', 0, NULL, NULL);
INSERT INTO `products` VALUES (11, 'MGC-2011', 'Morning Glow Coffee', 'no_image.png', 17, 1, 5.0000, 2.5000, 1, 1, 1, '2025-10-16 20:35:12', 1, '2025-10-16 20:39:00', 0, NULL, NULL);
INSERT INTO `products` VALUES (12, 'BFB-1012', 'Blueberry Fruit Bar', '07c51f725678b6336744b00169d5e5d2.jpg', 18, 1, 3.0000, 2.0000, 1, 1, 1, '2025-10-16 20:42:00', 1, '2026-01-08 15:50:13', 0, NULL, NULL);
INSERT INTO `products` VALUES (13, 'GTP-1013', 'Green Tea Powder', 'no_image.png', 17, 1, 4.0000, 2.0000, 1, 1, 1, '2025-10-16 20:42:00', 1, '2025-10-16 20:42:00', 0, NULL, NULL);
INSERT INTO `products` VALUES (14, 'CSD-1014', 'Citrus Sparkle Drink', 'no_image.png', 17, 1, 1.8000, 0.9000, 1, 1, 1, '2025-10-16 20:42:00', 1, '2025-10-16 20:42:00', 0, NULL, NULL);
INSERT INTO `products` VALUES (15, 'WCS-1015', 'Whole Grain Cereal Squares', 'no_image.png', 17, 1, 5.0000, 2.5000, 1, 1, 1, '2025-10-16 20:42:00', 1, '2025-10-16 20:42:00', 0, NULL, NULL);
INSERT INTO `products` VALUES (16, 'LDS-1016', 'Lavender Dish Soap', 'no_image.png', 19, 23, 3.0000, 1.5000, 1, 1, 1, '2025-10-16 20:42:00', 1, '2025-10-16 20:42:00', 0, NULL, NULL);
INSERT INTO `products` VALUES (17, 'PCB-1017', 'Pistachio Cream Biscuit', 'no_image.png', 17, 2, 3.5000, 1.7500, 1, 1, 1, '2025-10-16 20:42:00', 1, '2025-10-16 20:42:00', 0, NULL, NULL);
INSERT INTO `products` VALUES (18, 'MJD-1018', 'Mixed Juice Drink', 'no_image.png', 17, 1, 2.0000, 1.0000, 1, 1, 1, '2025-10-16 20:42:00', 1, '2025-10-16 20:42:00', 0, NULL, NULL);
INSERT INTO `products` VALUES (19, 'SPS-1019', 'Spicy Popcorn Snack', 'no_image.png', 17, 1, 1.5000, 0.7500, 1, 1, 1, '2025-10-16 20:42:00', 1, '2025-10-16 20:42:00', 0, NULL, NULL);
INSERT INTO `products` VALUES (20, 'HBS-1020', 'Herbal Body Soap', 'no_image.png', 19, 23, 2.8000, 1.4000, 1, 1, 1, '2025-10-16 20:42:00', 1, '2025-10-16 20:42:00', 0, NULL, NULL);
INSERT INTO `products` VALUES (21, 'OCM-1021', 'Oatmeal Cookie Mix', 'no_image.png', 17, 1, 4.5000, 2.2500, 1, 1, 1, '2025-10-16 20:42:00', 1, '2025-10-16 20:42:00', 0, NULL, NULL);
INSERT INTO `products` VALUES (22, 'Testing', 'Testing', 'no_image.png', 17, 19, 2.0000, 0.0000, NULL, NULL, 1, '2026-01-10 09:37:38', NULL, NULL, 0, NULL, NULL);

-- ----------------------------
-- Table structure for registers
-- ----------------------------
DROP TABLE IF EXISTS `registers`;
CREATE TABLE `registers`  (
  `id` int(11) NOT NULL AUTO_INCREMENT,
  `date` timestamp(0) NOT NULL DEFAULT current_timestamp,
  `user_id` int(11) NOT NULL,
  `cash_in_hand` decimal(25, 4) NOT NULL,
  `status` varchar(10) CHARACTER SET utf8 COLLATE utf8_general_ci NOT NULL,
  `total_cash` decimal(25, 4) NULL DEFAULT NULL,
  `total_cheques` int(11) NULL DEFAULT NULL,
  `total_cc_slips` int(11) NULL DEFAULT NULL,
  `total_cash_submitted` decimal(25, 4) NULL DEFAULT NULL,
  `total_cheques_submitted` int(11) NULL DEFAULT NULL,
  `total_cc_slips_submitted` int(11) NULL DEFAULT NULL,
  `note` text CHARACTER SET utf8 COLLATE utf8_general_ci NULL DEFAULT NULL,
  `closed_at` timestamp(0) NULL DEFAULT NULL,
  `transfer_opened_bills` varchar(50) CHARACTER SET utf8 COLLATE utf8_general_ci NULL DEFAULT NULL,
  `closed_by` int(11) NULL DEFAULT NULL,
  `store_id` int(11) NOT NULL DEFAULT 1,
  PRIMARY KEY (`id`) USING BTREE
) ENGINE = InnoDB AUTO_INCREMENT = 1 CHARACTER SET = utf8 COLLATE = utf8_general_ci ROW_FORMAT = Dynamic;

-- ----------------------------
-- Records of registers
-- ----------------------------

-- ----------------------------
-- Table structure for sale_items
-- ----------------------------
DROP TABLE IF EXISTS `sale_items`;
CREATE TABLE `sale_items`  (
  `id` int(11) NOT NULL AUTO_INCREMENT,
  `sale_id` int(11) NOT NULL,
  `product_id` int(11) NOT NULL,
  `unit_name` varchar(50) CHARACTER SET utf8 COLLATE utf8_general_ci NULL DEFAULT NULL,
  `quantity` decimal(18, 2) NOT NULL,
  `unit_price` decimal(18, 2) NOT NULL,
  `discount_type` enum('amount','percentage') CHARACTER SET utf8 COLLATE utf8_general_ci NULL DEFAULT 'amount',
  `item_discount` decimal(18, 2) NULL DEFAULT 0.00,
  `subtotal` decimal(18, 2) NOT NULL,
  PRIMARY KEY (`id`) USING BTREE,
  INDEX `fk_sale_tracking`(`sale_id`) USING BTREE,
  CONSTRAINT `fk_sale_tracking` FOREIGN KEY (`sale_id`) REFERENCES `sales` (`id`) ON DELETE CASCADE ON UPDATE RESTRICT
) ENGINE = InnoDB AUTO_INCREMENT = 8 CHARACTER SET = utf8 COLLATE = utf8_general_ci ROW_FORMAT = Dynamic;

-- ----------------------------
-- Records of sale_items
-- ----------------------------
INSERT INTO `sale_items` VALUES (1, 1, 3, 'Can', 1.00, 20.00, 'percentage', 0.00, 20.00);
INSERT INTO `sale_items` VALUES (2, 1, 10, 'Unit', 1.00, 10.00, 'amount', 0.00, 10.00);
INSERT INTO `sale_items` VALUES (3, 2, 3, 'Can', 3.00, 10.00, 'amount', 0.00, 30.00);
INSERT INTO `sale_items` VALUES (4, 2, 7, 'ដប', 10.00, 3.00, 'amount', 0.00, 30.00);
INSERT INTO `sale_items` VALUES (5, 2, 10, 'Unit', 3.00, 10.00, 'amount', 0.00, 30.00);
INSERT INTO `sale_items` VALUES (6, 3, 3, 'Can', 1.00, 10.00, 'amount', 0.00, 10.00);
INSERT INTO `sale_items` VALUES (7, 4, 4, 'ម៉ែតគូប', 1.00, 12.00, 'amount', 0.00, 12.00);

-- ----------------------------
-- Table structure for sales
-- ----------------------------
DROP TABLE IF EXISTS `sales`;
CREATE TABLE `sales`  (
  `id` int(11) NOT NULL AUTO_INCREMENT,
  `no` int(11) NOT NULL,
  `invoice_no` varchar(20) CHARACTER SET utf8 COLLATE utf8_general_ci NOT NULL,
  `date` datetime(0) NOT NULL,
  `customer_id` int(11) NOT NULL,
  `branch_id` int(11) NULL DEFAULT NULL,
  `total_items` int(11) NULL DEFAULT 0,
  `total_price` decimal(18, 2) NULL DEFAULT 0.00,
  `order_discount_id` varchar(20) CHARACTER SET utf8 COLLATE utf8_general_ci NULL DEFAULT NULL,
  `order_discount` decimal(18, 2) NULL DEFAULT 0.00,
  `grand_total` decimal(18, 2) NOT NULL DEFAULT 0.00,
  `paid_amount` decimal(18, 2) NULL DEFAULT 0.00,
  `payment_status` varchar(20) CHARACTER SET utf8 COLLATE utf8_general_ci NULL DEFAULT 'pending',
  `note` text CHARACTER SET utf8 COLLATE utf8_general_ci NULL DEFAULT NULL,
  `created_by` int(11) NOT NULL,
  `created_at` timestamp(0) NOT NULL DEFAULT current_timestamp,
  `updated_by` int(11) NULL DEFAULT NULL,
  `updated_at` datetime(0) NULL DEFAULT NULL,
  `is_deleted` tinyint(1) NULL DEFAULT 0,
  PRIMARY KEY (`id`) USING BTREE
) ENGINE = InnoDB AUTO_INCREMENT = 5 CHARACTER SET = utf8 COLLATE = utf8_general_ci ROW_FORMAT = Dynamic;

-- ----------------------------
-- Records of sales
-- ----------------------------
INSERT INTO `sales` VALUES (1, 0, '', '2026-01-10 10:40:00', 1, 1, 2, 30.00, 'amount', 0.00, 30.00, 0.00, 'pending', NULL, 1, '2026-01-10 10:40:53', NULL, NULL, 0);
INSERT INTO `sales` VALUES (2, 0, '', '2026-01-10 10:41:00', 1, 1, 3, 90.00, 'amount', 0.00, 90.00, 0.00, 'pending', NULL, 1, '2026-01-10 10:41:48', NULL, NULL, 0);
INSERT INTO `sales` VALUES (3, 0, '', '2026-01-10 10:52:00', 1, 1, 1, 10.00, 'amount', 0.00, 10.00, 0.00, 'pending', NULL, 1, '2026-01-10 10:52:53', NULL, NULL, 0);
INSERT INTO `sales` VALUES (4, 1, '26-000001', '2026-01-10 11:15:00', 1, 1, 1, 12.00, 'amount', 0.00, 12.00, 0.00, NULL, NULL, 1, '2026-01-10 11:16:13', NULL, NULL, 0);

-- ----------------------------
-- Table structure for sessions
-- ----------------------------
DROP TABLE IF EXISTS `sessions`;
CREATE TABLE `sessions`  (
  `id` varchar(40) CHARACTER SET utf8 COLLATE utf8_general_ci NOT NULL,
  `ip_address` varchar(45) CHARACTER SET utf8 COLLATE utf8_general_ci NOT NULL,
  `timestamp` int(10) UNSIGNED NOT NULL DEFAULT 0,
  `data` blob NOT NULL,
  PRIMARY KEY (`id`) USING BTREE,
  INDEX `ci_sessions_timestamp`(`timestamp`) USING BTREE
) ENGINE = InnoDB CHARACTER SET = utf8 COLLATE = utf8_general_ci ROW_FORMAT = Dynamic;

-- ----------------------------
-- Records of sessions
-- ----------------------------
INSERT INTO `sessions` VALUES ('0e3a337s9oqek9h3rhbqj2scim0t184t', '::1', 1767684717, 0x5F5F63695F6C6173745F726567656E65726174657C693A313736373638343731373B6964656E746974797C733A353A2261646D696E223B757365726E616D657C733A353A2261646D696E223B656D61696C7C733A31383A2261646D696E4074656364696172792E636F6D223B757365725F69647C733A313A2231223B66697273745F6E616D657C733A343A2248656C70223B6C6173745F6E616D657C733A333A22596F75223B637265617465645F6F6E7C733A31313A2232352F30362F3230313520223B6F6C645F6C6173745F6C6F67696E7C733A31303A2231373637353934353035223B6C6173745F69707C733A333A223A3A31223B6176617461727C733A31323A226E6F5F696D6167652E706E67223B67656E6465727C733A343A226D616C65223B67726F75705F69647C733A313A2231223B73746F72655F69647C4E3B6861735F73746F72655F69647C4E3B);
INSERT INTO `sessions` VALUES ('1h1b836n44pljtojjuq98dg78f7h11e7', '::1', 1768010606, 0x5F5F63695F6C6173745F726567656E65726174657C693A313736383031303630363B);
INSERT INTO `sessions` VALUES ('1quq6tleo7upmhfskdtqckbc443c0kiq', '::1', 1767865721, 0x5F5F63695F6C6173745F726567656E65726174657C693A313736373836353732313B6964656E746974797C733A353A2261646D696E223B757365726E616D657C733A353A2261646D696E223B656D61696C7C733A31383A2261646D696E4074656364696172792E636F6D223B757365725F69647C733A313A2231223B66697273745F6E616D657C733A343A2248656C70223B6C6173745F6E616D657C733A333A22596F75223B637265617465645F6F6E7C733A31313A2232352F30362F3230313520223B6F6C645F6C6173745F6C6F67696E7C733A31303A2231373637383635333535223B6C6173745F69707C733A333A223A3A31223B6176617461727C733A31323A226E6F5F696D6167652E706E67223B67656E6465727C733A343A226D616C65223B67726F75705F69647C733A313A2231223B73746F72655F69647C4E3B6861735F73746F72655F69647C4E3B);
INSERT INTO `sessions` VALUES ('1uicf322vu5gm3dp3qm67tstvlifco1p', '::1', 1767858270, 0x5F5F63695F6C6173745F726567656E65726174657C693A313736373835383237303B6964656E746974797C733A353A2261646D696E223B757365726E616D657C733A353A2261646D696E223B656D61696C7C733A31383A2261646D696E4074656364696172792E636F6D223B757365725F69647C733A313A2231223B66697273745F6E616D657C733A343A2248656C70223B6C6173745F6E616D657C733A333A22596F75223B637265617465645F6F6E7C733A31313A2232352F30362F3230313520223B6F6C645F6C6173745F6C6F67696E7C733A31303A2231373637363836373033223B6C6173745F69707C733A333A223A3A31223B6176617461727C733A31323A226E6F5F696D6167652E706E67223B67656E6465727C733A343A226D616C65223B67726F75705F69647C733A313A2231223B73746F72655F69647C4E3B6861735F73746F72655F69647C4E3B);
INSERT INTO `sessions` VALUES ('2l21kpfpfgqrjijdargf39a9tv066vkm', '::1', 1767423861, 0x5F5F63695F6C6173745F726567656E65726174657C693A313736373432333739393B6964656E746974797C733A353A2261646D696E223B757365726E616D657C733A353A2261646D696E223B656D61696C7C733A31383A2261646D696E4074656364696172792E636F6D223B757365725F69647C733A313A2231223B66697273745F6E616D657C733A343A2248656C70223B6C6173745F6E616D657C733A333A22596F75223B637265617465645F6F6E7C733A31313A2232352F30362F3230313520223B6F6C645F6C6173745F6C6F67696E7C733A31303A2231373637343230373932223B6C6173745F69707C733A333A223A3A31223B6176617461727C733A31323A226E6F5F696D6167652E706E67223B67656E6465727C733A343A226D616C65223B67726F75705F69647C733A313A2231223B73746F72655F69647C4E3B6861735F73746F72655F69647C4E3B);
INSERT INTO `sessions` VALUES ('2nubm7o6tjmt26vori57ba1eaookl5db', '::1', 1767423365, 0x5F5F63695F6C6173745F726567656E65726174657C693A313736373432333336353B6964656E746974797C733A353A2261646D696E223B757365726E616D657C733A353A2261646D696E223B656D61696C7C733A31383A2261646D696E4074656364696172792E636F6D223B757365725F69647C733A313A2231223B66697273745F6E616D657C733A343A2248656C70223B6C6173745F6E616D657C733A333A22596F75223B637265617465645F6F6E7C733A31313A2232352F30362F3230313520223B6F6C645F6C6173745F6C6F67696E7C733A31303A2231373637313433353630223B6C6173745F69707C733A333A223A3A31223B6176617461727C733A31323A226E6F5F696D6167652E706E67223B67656E6465727C733A343A226D616C65223B67726F75705F69647C733A313A2231223B73746F72655F69647C4E3B6861735F73746F72655F69647C4E3B);
INSERT INTO `sessions` VALUES ('2rm81u8ukt7h7v3v1ur9nd4958c1mqbi', '::1', 1768013823, 0x5F5F63695F6C6173745F726567656E65726174657C693A313736383031333832333B6964656E746974797C733A353A2261646D696E223B757365726E616D657C733A353A2261646D696E223B656D61696C7C733A31383A2261646D696E4074656364696172792E636F6D223B757365725F69647C733A313A2231223B66697273745F6E616D657C733A343A2248656C70223B6C6173745F6E616D657C733A333A22596F75223B637265617465645F6F6E7C733A31313A2232352F30362F3230313520223B6F6C645F6C6173745F6C6F67696E7C733A31303A2231373637393439303038223B6C6173745F69707C733A333A223A3A31223B6176617461727C733A31323A226E6F5F696D6167652E706E67223B67656E6465727C733A343A226D616C65223B67726F75705F69647C733A313A2231223B73746F72655F69647C4E3B6861735F73746F72655F69647C4E3B);
INSERT INTO `sessions` VALUES ('2tm9eogi8c77mljrb7r1rs1le22fvj94', '::1', 1768011969, 0x5F5F63695F6C6173745F726567656E65726174657C693A313736383031313936393B6964656E746974797C733A353A2261646D696E223B757365726E616D657C733A353A2261646D696E223B656D61696C7C733A31383A2261646D696E4074656364696172792E636F6D223B757365725F69647C733A313A2231223B66697273745F6E616D657C733A343A2248656C70223B6C6173745F6E616D657C733A333A22596F75223B637265617465645F6F6E7C733A31313A2232352F30362F3230313520223B6F6C645F6C6173745F6C6F67696E7C733A31303A2231373637393439303038223B6C6173745F69707C733A333A223A3A31223B6176617461727C733A31323A226E6F5F696D6167652E706E67223B67656E6465727C733A343A226D616C65223B67726F75705F69647C733A313A2231223B73746F72655F69647C4E3B6861735F73746F72655F69647C4E3B);
INSERT INTO `sessions` VALUES ('30sdip9c2iin3aa18kpncnap77sr5ru3', '::1', 1767860016, 0x5F5F63695F6C6173745F726567656E65726174657C693A313736373836303031363B6964656E746974797C733A353A2261646D696E223B757365726E616D657C733A353A2261646D696E223B656D61696C7C733A31383A2261646D696E4074656364696172792E636F6D223B757365725F69647C733A313A2231223B66697273745F6E616D657C733A343A2248656C70223B6C6173745F6E616D657C733A333A22596F75223B637265617465645F6F6E7C733A31313A2232352F30362F3230313520223B6F6C645F6C6173745F6C6F67696E7C733A31303A2231373637363836373033223B6C6173745F69707C733A333A223A3A31223B6176617461727C733A31323A226E6F5F696D6167652E706E67223B67656E6465727C733A343A226D616C65223B67726F75705F69647C733A313A2231223B73746F72655F69647C4E3B6861735F73746F72655F69647C4E3B);
INSERT INTO `sessions` VALUES ('3316kjqmu19u5ughq9mdq9ta5jt5nt0q', '::1', 1766759980, 0x5F5F63695F6C6173745F726567656E65726174657C693A313736363735393938303B6964656E746974797C733A353A2261646D696E223B757365726E616D657C733A353A2261646D696E223B656D61696C7C733A31383A2261646D696E4074656364696172792E636F6D223B757365725F69647C733A313A2231223B66697273745F6E616D657C733A343A2248656C70223B6C6173745F6E616D657C733A333A22596F75223B637265617465645F6F6E7C733A31313A2232352F30362F3230313520223B6F6C645F6C6173745F6C6F67696E7C733A31303A2231373636373539313835223B6C6173745F69707C733A333A223A3A31223B6176617461727C733A31323A226E6F5F696D6167652E706E67223B67656E6465727C733A343A226D616C65223B67726F75705F69647C733A313A2231223B73746F72655F69647C4E3B6861735F73746F72655F69647C4E3B);
INSERT INTO `sessions` VALUES ('3fqsdh9qepp0hk7f5eem2v0aboteos99', '::1', 1767867889, 0x5F5F63695F6C6173745F726567656E65726174657C693A313736373836373838393B6964656E746974797C733A353A2261646D696E223B757365726E616D657C733A353A2261646D696E223B656D61696C7C733A31383A2261646D696E4074656364696172792E636F6D223B757365725F69647C733A313A2231223B66697273745F6E616D657C733A343A2248656C70223B6C6173745F6E616D657C733A333A22596F75223B637265617465645F6F6E7C733A31313A2232352F30362F3230313520223B6F6C645F6C6173745F6C6F67696E7C733A31303A2231373637383637363536223B6C6173745F69707C733A333A223A3A31223B6176617461727C733A31323A226E6F5F696D6167652E706E67223B67656E6465727C733A343A226D616C65223B67726F75705F69647C733A313A2231223B73746F72655F69647C4E3B6861735F73746F72655F69647C4E3B);
INSERT INTO `sessions` VALUES ('47chi3oud58btrh3sfggmpkdl516lpdf', '::1', 1767867362, 0x5F5F63695F6C6173745F726567656E65726174657C693A313736373836373336323B6964656E746974797C733A353A2261646D696E223B757365726E616D657C733A353A2261646D696E223B656D61696C7C733A31383A2261646D696E4074656364696172792E636F6D223B757365725F69647C733A313A2231223B66697273745F6E616D657C733A343A2248656C70223B6C6173745F6E616D657C733A333A22596F75223B637265617465645F6F6E7C733A31313A2232352F30362F3230313520223B6F6C645F6C6173745F6C6F67696E7C733A31303A2231373637383636353534223B6C6173745F69707C733A333A223A3A31223B6176617461727C733A31323A226E6F5F696D6167652E706E67223B67656E6465727C733A343A226D616C65223B67726F75705F69647C733A313A2231223B73746F72655F69647C4E3B6861735F73746F72655F69647C4E3B);
INSERT INTO `sessions` VALUES ('4ahusl8vn3hbn49k3h8sgb7dsb6jv1co', '::1', 1767857071, 0x5F5F63695F6C6173745F726567656E65726174657C693A313736373835373037313B6964656E746974797C733A353A2261646D696E223B757365726E616D657C733A353A2261646D696E223B656D61696C7C733A31383A2261646D696E4074656364696172792E636F6D223B757365725F69647C733A313A2231223B66697273745F6E616D657C733A343A2248656C70223B6C6173745F6E616D657C733A333A22596F75223B637265617465645F6F6E7C733A31313A2232352F30362F3230313520223B6F6C645F6C6173745F6C6F67696E7C733A31303A2231373637363836373033223B6C6173745F69707C733A333A223A3A31223B6176617461727C733A31323A226E6F5F696D6167652E706E67223B67656E6465727C733A343A226D616C65223B67726F75705F69647C733A313A2231223B73746F72655F69647C4E3B6861735F73746F72655F69647C4E3B);
INSERT INTO `sessions` VALUES ('549k6lp616nr8gjuujiakp7vul5csg1m', '::1', 1768016411, 0x5F5F63695F6C6173745F726567656E65726174657C693A313736383031363431313B6964656E746974797C733A353A2261646D696E223B757365726E616D657C733A353A2261646D696E223B656D61696C7C733A31383A2261646D696E4074656364696172792E636F6D223B757365725F69647C733A313A2231223B66697273745F6E616D657C733A343A2248656C70223B6C6173745F6E616D657C733A333A22596F75223B637265617465645F6F6E7C733A31313A2232352F30362F3230313520223B6F6C645F6C6173745F6C6F67696E7C733A31303A2231373637393439303038223B6C6173745F69707C733A333A223A3A31223B6176617461727C733A31323A226E6F5F696D6167652E706E67223B67656E6465727C733A343A226D616C65223B67726F75705F69647C733A313A2231223B73746F72655F69647C4E3B6861735F73746F72655F69647C4E3B);
INSERT INTO `sessions` VALUES ('56pl125mlfl42mlc3jmq9jpf9t8n3u1a', '::1', 1767869040, 0x5F5F63695F6C6173745F726567656E65726174657C693A313736373836393034303B6964656E746974797C733A353A2261646D696E223B757365726E616D657C733A353A2261646D696E223B656D61696C7C733A31383A2261646D696E4074656364696172792E636F6D223B757365725F69647C733A313A2231223B66697273745F6E616D657C733A343A2248656C70223B6C6173745F6E616D657C733A333A22596F75223B637265617465645F6F6E7C733A31313A2232352F30362F3230313520223B6F6C645F6C6173745F6C6F67696E7C733A31303A2231373637383637363536223B6C6173745F69707C733A333A223A3A31223B6176617461727C733A31323A226E6F5F696D6167652E706E67223B67656E6465727C733A343A226D616C65223B67726F75705F69647C733A313A2231223B73746F72655F69647C4E3B6861735F73746F72655F69647C4E3B);
INSERT INTO `sessions` VALUES ('56s6cbgs6s92ujqn31t5dune8i18ucro', '::1', 1768013494, 0x5F5F63695F6C6173745F726567656E65726174657C693A313736383031333439343B6964656E746974797C733A353A2261646D696E223B757365726E616D657C733A353A2261646D696E223B656D61696C7C733A31383A2261646D696E4074656364696172792E636F6D223B757365725F69647C733A313A2231223B66697273745F6E616D657C733A343A2248656C70223B6C6173745F6E616D657C733A333A22596F75223B637265617465645F6F6E7C733A31313A2232352F30362F3230313520223B6F6C645F6C6173745F6C6F67696E7C733A31303A2231373637393439303038223B6C6173745F69707C733A333A223A3A31223B6176617461727C733A31323A226E6F5F696D6167652E706E67223B67656E6465727C733A343A226D616C65223B67726F75705F69647C733A313A2231223B73746F72655F69647C4E3B6861735F73746F72655F69647C4E3B);
INSERT INTO `sessions` VALUES ('57a7sgeluoq36oepf6e672qo976vlcfb', '::1', 1767422129, 0x5F5F63695F6C6173745F726567656E65726174657C693A313736373432323132393B6964656E746974797C733A353A2261646D696E223B757365726E616D657C733A353A2261646D696E223B656D61696C7C733A31383A2261646D696E4074656364696172792E636F6D223B757365725F69647C733A313A2231223B66697273745F6E616D657C733A343A2248656C70223B6C6173745F6E616D657C733A333A22596F75223B637265617465645F6F6E7C733A31313A2232352F30362F3230313520223B6F6C645F6C6173745F6C6F67696E7C733A31303A2231373637313433353630223B6C6173745F69707C733A333A223A3A31223B6176617461727C733A31323A226E6F5F696D6167652E706E67223B67656E6465727C733A343A226D616C65223B67726F75705F69647C733A313A2231223B73746F72655F69647C4E3B6861735F73746F72655F69647C4E3B);
INSERT INTO `sessions` VALUES ('5ms0mmh5p6mkb4uo9js2ihk24fg998e4', '::1', 1767861546, 0x5F5F63695F6C6173745F726567656E65726174657C693A313736373836313534363B6964656E746974797C733A353A2261646D696E223B757365726E616D657C733A353A2261646D696E223B656D61696C7C733A31383A2261646D696E4074656364696172792E636F6D223B757365725F69647C733A313A2231223B66697273745F6E616D657C733A343A2248656C70223B6C6173745F6E616D657C733A333A22596F75223B637265617465645F6F6E7C733A31313A2232352F30362F3230313520223B6F6C645F6C6173745F6C6F67696E7C733A31303A2231373637363836373033223B6C6173745F69707C733A333A223A3A31223B6176617461727C733A31323A226E6F5F696D6167652E706E67223B67656E6465727C733A343A226D616C65223B67726F75705F69647C733A313A2231223B73746F72655F69647C4E3B6861735F73746F72655F69647C4E3B);
INSERT INTO `sessions` VALUES ('5pfv6ajmrfcohoo7o811gi0r6di6n8co', '::1', 1767867352, 0x5F5F63695F6C6173745F726567656E65726174657C693A313736373836373335323B);
INSERT INTO `sessions` VALUES ('5rbvt0lv05jqv8tg9deo8ic8h33fra3o', '::1', 1767687041, 0x5F5F63695F6C6173745F726567656E65726174657C693A313736373638373034313B6964656E746974797C733A353A2261646D696E223B757365726E616D657C733A353A2261646D696E223B656D61696C7C733A31383A2261646D696E4074656364696172792E636F6D223B757365725F69647C733A313A2231223B66697273745F6E616D657C733A343A2248656C70223B6C6173745F6E616D657C733A333A22596F75223B637265617465645F6F6E7C733A31313A2232352F30362F3230313520223B6F6C645F6C6173745F6C6F67696E7C733A31303A2231373637363830313734223B6C6173745F69707C733A333A223A3A31223B6176617461727C733A31323A226E6F5F696D6167652E706E67223B67656E6465727C733A343A226D616C65223B67726F75705F69647C733A313A2231223B73746F72655F69647C4E3B6861735F73746F72655F69647C4E3B);
INSERT INTO `sessions` VALUES ('5sksti7jaea2f8jihco69gt27mogl5b4', '::1', 1767924477, 0x5F5F63695F6C6173745F726567656E65726174657C693A313736373932343437373B6964656E746974797C733A353A2261646D696E223B757365726E616D657C733A353A2261646D696E223B656D61696C7C733A31383A2261646D696E4074656364696172792E636F6D223B757365725F69647C733A313A2231223B66697273745F6E616D657C733A343A2248656C70223B6C6173745F6E616D657C733A333A22596F75223B637265617465645F6F6E7C733A31313A2232352F30362F3230313520223B6F6C645F6C6173745F6C6F67696E7C733A31303A2231373637383639353333223B6C6173745F69707C733A333A223A3A31223B6176617461727C733A31323A226E6F5F696D6167652E706E67223B67656E6465727C733A343A226D616C65223B67726F75705F69647C733A313A2231223B73746F72655F69647C4E3B6861735F73746F72655F69647C4E3B);
INSERT INTO `sessions` VALUES ('66mtqk29m33hged5lambug3ap8jl178u', '::1', 1767687354, 0x5F5F63695F6C6173745F726567656E65726174657C693A313736373638373335343B6964656E746974797C733A353A2261646D696E223B757365726E616D657C733A353A2261646D696E223B656D61696C7C733A31383A2261646D696E4074656364696172792E636F6D223B757365725F69647C733A313A2231223B66697273745F6E616D657C733A343A2248656C70223B6C6173745F6E616D657C733A333A22596F75223B637265617465645F6F6E7C733A31313A2232352F30362F3230313520223B6F6C645F6C6173745F6C6F67696E7C733A31303A2231373637363830313734223B6C6173745F69707C733A333A223A3A31223B6176617461727C733A31323A226E6F5F696D6167652E706E67223B67656E6465727C733A343A226D616C65223B67726F75705F69647C733A313A2231223B73746F72655F69647C4E3B6861735F73746F72655F69647C4E3B);
INSERT INTO `sessions` VALUES ('6rcdn7rukavg10fc9gacueu3rtcsmp50', '::1', 1767143917, 0x5F5F63695F6C6173745F726567656E65726174657C693A313736373134333931373B6964656E746974797C733A353A2261646D696E223B757365726E616D657C733A353A2261646D696E223B656D61696C7C733A31383A2261646D696E4074656364696172792E636F6D223B757365725F69647C733A313A2231223B66697273745F6E616D657C733A343A2248656C70223B6C6173745F6E616D657C733A333A22596F75223B637265617465645F6F6E7C733A31313A2232352F30362F3230313520223B6F6C645F6C6173745F6C6F67696E7C733A31303A2231373637303031343838223B6C6173745F69707C733A333A223A3A31223B6176617461727C733A31323A226E6F5F696D6167652E706E67223B67656E6465727C733A343A226D616C65223B67726F75705F69647C733A313A2231223B73746F72655F69647C4E3B6861735F73746F72655F69647C4E3B);
INSERT INTO `sessions` VALUES ('6shsu7us65onk99ceo4pmlqh7e59bitc', '::1', 1767949001, 0x5F5F63695F6C6173745F726567656E65726174657C693A313736373934393030313B6964656E746974797C733A353A2261646D696E223B757365726E616D657C733A353A2261646D696E223B656D61696C7C733A31383A2261646D696E4074656364696172792E636F6D223B757365725F69647C733A313A2231223B66697273745F6E616D657C733A343A2248656C70223B6C6173745F6E616D657C733A333A22596F75223B637265617465645F6F6E7C733A31313A2232352F30362F3230313520223B6F6C645F6C6173745F6C6F67696E7C733A31303A2231373637393233373839223B6C6173745F69707C733A333A223A3A31223B6176617461727C733A31323A226E6F5F696D6167652E706E67223B67656E6465727C733A343A226D616C65223B67726F75705F69647C733A313A2231223B73746F72655F69647C4E3B6861735F73746F72655F69647C4E3B);
INSERT INTO `sessions` VALUES ('6ukegui7iccods0mkp44lq4lvl6kjqb2', '::1', 1768017426, 0x5F5F63695F6C6173745F726567656E65726174657C693A313736383031373432363B6964656E746974797C733A353A2261646D696E223B757365726E616D657C733A353A2261646D696E223B656D61696C7C733A31383A2261646D696E4074656364696172792E636F6D223B757365725F69647C733A313A2231223B66697273745F6E616D657C733A343A2248656C70223B6C6173745F6E616D657C733A333A22596F75223B637265617465645F6F6E7C733A31313A2232352F30362F3230313520223B6F6C645F6C6173745F6C6F67696E7C733A31303A2231373637393439303038223B6C6173745F69707C733A333A223A3A31223B6176617461727C733A31323A226E6F5F696D6167652E706E67223B67656E6465727C733A343A226D616C65223B67726F75705F69647C733A313A2231223B73746F72655F69647C4E3B6861735F73746F72655F69647C4E3B);
INSERT INTO `sessions` VALUES ('716fbu6vvbsoophf7pcq3f5ip1jtqoqa', '::1', 1767681261, 0x5F5F63695F6C6173745F726567656E65726174657C693A313736373638313236313B6964656E746974797C733A353A2261646D696E223B757365726E616D657C733A353A2261646D696E223B656D61696C7C733A31383A2261646D696E4074656364696172792E636F6D223B757365725F69647C733A313A2231223B66697273745F6E616D657C733A343A2248656C70223B6C6173745F6E616D657C733A333A22596F75223B637265617465645F6F6E7C733A31313A2232352F30362F3230313520223B6F6C645F6C6173745F6C6F67696E7C733A31303A2231373637353934353035223B6C6173745F69707C733A333A223A3A31223B6176617461727C733A31323A226E6F5F696D6167652E706E67223B67656E6465727C733A343A226D616C65223B67726F75705F69647C733A313A2231223B73746F72655F69647C4E3B6861735F73746F72655F69647C4E3B);
INSERT INTO `sessions` VALUES ('76k6n8m4v32nfkqaop97di8ovtn9oq9r', '::1', 1767689591, 0x5F5F63695F6C6173745F726567656E65726174657C693A313736373638393539313B6964656E746974797C733A353A2261646D696E223B757365726E616D657C733A353A2261646D696E223B656D61696C7C733A31383A2261646D696E4074656364696172792E636F6D223B757365725F69647C733A313A2231223B66697273745F6E616D657C733A343A2248656C70223B6C6173745F6E616D657C733A333A22596F75223B637265617465645F6F6E7C733A31313A2232352F30362F3230313520223B6F6C645F6C6173745F6C6F67696E7C733A31303A2231373637363830313734223B6C6173745F69707C733A333A223A3A31223B6176617461727C733A31323A226E6F5F696D6167652E706E67223B67656E6465727C733A343A226D616C65223B67726F75705F69647C733A313A2231223B73746F72655F69647C4E3B6861735F73746F72655F69647C4E3B);
INSERT INTO `sessions` VALUES ('7alh5o687b5g1grs1pm9gfmmg69mvgkn', '::1', 1767949606, 0x5F5F63695F6C6173745F726567656E65726174657C693A313736373934393630363B6964656E746974797C733A353A2261646D696E223B757365726E616D657C733A353A2261646D696E223B656D61696C7C733A31383A2261646D696E4074656364696172792E636F6D223B757365725F69647C733A313A2231223B66697273745F6E616D657C733A343A2248656C70223B6C6173745F6E616D657C733A333A22596F75223B637265617465645F6F6E7C733A31313A2232352F30362F3230313520223B6F6C645F6C6173745F6C6F67696E7C733A31303A2231373637393435343330223B6C6173745F69707C733A333A223A3A31223B6176617461727C733A31323A226E6F5F696D6167652E706E67223B67656E6465727C733A343A226D616C65223B67726F75705F69647C733A313A2231223B73746F72655F69647C4E3B6861735F73746F72655F69647C4E3B);
INSERT INTO `sessions` VALUES ('80ficg81k4i8g29su17cajq2mjaopfkj', '::1', 1768014464, 0x5F5F63695F6C6173745F726567656E65726174657C693A313736383031343436343B6964656E746974797C733A353A2261646D696E223B757365726E616D657C733A353A2261646D696E223B656D61696C7C733A31383A2261646D696E4074656364696172792E636F6D223B757365725F69647C733A313A2231223B66697273745F6E616D657C733A343A2248656C70223B6C6173745F6E616D657C733A333A22596F75223B637265617465645F6F6E7C733A31313A2232352F30362F3230313520223B6F6C645F6C6173745F6C6F67696E7C733A31303A2231373637393439303038223B6C6173745F69707C733A333A223A3A31223B6176617461727C733A31323A226E6F5F696D6167652E706E67223B67656E6465727C733A343A226D616C65223B67726F75705F69647C733A313A2231223B73746F72655F69647C4E3B6861735F73746F72655F69647C4E3B);
INSERT INTO `sessions` VALUES ('81fcelq2tvu1ldv0cqdp4nka344jscl3', '::1', 1767865351, 0x5F5F63695F6C6173745F726567656E65726174657C693A313736373836353335313B);
INSERT INTO `sessions` VALUES ('82mi1uk93fkieqvjq37drle7igipkphb', '::1', 1767866414, 0x5F5F63695F6C6173745F726567656E65726174657C693A313736373836363431343B);
INSERT INTO `sessions` VALUES ('8mdnho4t9g7r4b9v1701rf0nf432h6iu', '::1', 1767867746, 0x5F5F63695F6C6173745F726567656E65726174657C693A313736373836373734363B);
INSERT INTO `sessions` VALUES ('8t7lf47b03qtf947s2jbammu6veul6m8', '::1', 1766759181, 0x5F5F63695F6C6173745F726567656E65726174657C693A313736363735393138313B);
INSERT INTO `sessions` VALUES ('9a3av1dpuqch4gj99o9mdfrugocguhs3', '::1', 1767865721, 0x5F5F63695F6C6173745F726567656E65726174657C693A313736373836353732313B6964656E746974797C733A353A2261646D696E223B757365726E616D657C733A353A2261646D696E223B656D61696C7C733A31383A2261646D696E4074656364696172792E636F6D223B757365725F69647C733A313A2231223B66697273745F6E616D657C733A343A2248656C70223B6C6173745F6E616D657C733A333A22596F75223B637265617465645F6F6E7C733A31313A2232352F30362F3230313520223B6F6C645F6C6173745F6C6F67696E7C733A31303A2231373637383635333535223B6C6173745F69707C733A333A223A3A31223B6176617461727C733A31323A226E6F5F696D6167652E706E67223B67656E6465727C733A343A226D616C65223B67726F75705F69647C733A313A2231223B73746F72655F69647C4E3B6861735F73746F72655F69647C4E3B);
INSERT INTO `sessions` VALUES ('9jm67f28dg1mlb4c58ogprneumkng4u6', '::1', 1767596743, 0x5F5F63695F6C6173745F726567656E65726174657C693A313736373539363734333B6964656E746974797C733A353A2261646D696E223B757365726E616D657C733A353A2261646D696E223B656D61696C7C733A31383A2261646D696E4074656364696172792E636F6D223B757365725F69647C733A313A2231223B66697273745F6E616D657C733A343A2248656C70223B6C6173745F6E616D657C733A333A22596F75223B637265617465645F6F6E7C733A31313A2232352F30362F3230313520223B6F6C645F6C6173745F6C6F67696E7C733A31303A2231373637343233383032223B6C6173745F69707C733A333A223A3A31223B6176617461727C733A31323A226E6F5F696D6167652E706E67223B67656E6465727C733A343A226D616C65223B67726F75705F69647C733A313A2231223B73746F72655F69647C4E3B6861735F73746F72655F69647C4E3B);
INSERT INTO `sessions` VALUES ('9kslb7vlgeu4o3hsktikbqokq28oneds', '::1', 1767855410, 0x5F5F63695F6C6173745F726567656E65726174657C693A313736373835353431303B6964656E746974797C733A353A2261646D696E223B757365726E616D657C733A353A2261646D696E223B656D61696C7C733A31383A2261646D696E4074656364696172792E636F6D223B757365725F69647C733A313A2231223B66697273745F6E616D657C733A343A2248656C70223B6C6173745F6E616D657C733A333A22596F75223B637265617465645F6F6E7C733A31313A2232352F30362F3230313520223B6F6C645F6C6173745F6C6F67696E7C733A31303A2231373637363836373033223B6C6173745F69707C733A333A223A3A31223B6176617461727C733A31323A226E6F5F696D6167652E706E67223B67656E6465727C733A343A226D616C65223B67726F75705F69647C733A313A2231223B73746F72655F69647C4E3B6861735F73746F72655F69647C4E3B);
INSERT INTO `sessions` VALUES ('a1naktqak05p03u3j6na24eibtvkk14g', '::1', 1767002520, 0x5F5F63695F6C6173745F726567656E65726174657C693A313736373030323532303B6964656E746974797C733A353A2261646D696E223B757365726E616D657C733A353A2261646D696E223B656D61696C7C733A31383A2261646D696E4074656364696172792E636F6D223B757365725F69647C733A313A2231223B66697273745F6E616D657C733A343A2248656C70223B6C6173745F6E616D657C733A333A22596F75223B637265617465645F6F6E7C733A31313A2232352F30362F3230313520223B6F6C645F6C6173745F6C6F67696E7C733A31303A2231373636383933313438223B6C6173745F69707C733A333A223A3A31223B6176617461727C733A31323A226E6F5F696D6167652E706E67223B67656E6465727C733A343A226D616C65223B67726F75705F69647C733A313A2231223B73746F72655F69647C4E3B6861735F73746F72655F69647C4E3B);
INSERT INTO `sessions` VALUES ('aje3724qi9ojjccfudmbk2mtja7pclah', '::1', 1767857881, 0x5F5F63695F6C6173745F726567656E65726174657C693A313736373835373838313B6964656E746974797C733A353A2261646D696E223B757365726E616D657C733A353A2261646D696E223B656D61696C7C733A31383A2261646D696E4074656364696172792E636F6D223B757365725F69647C733A313A2231223B66697273745F6E616D657C733A343A2248656C70223B6C6173745F6E616D657C733A333A22596F75223B637265617465645F6F6E7C733A31313A2232352F30362F3230313520223B6F6C645F6C6173745F6C6F67696E7C733A31303A2231373637363836373033223B6C6173745F69707C733A333A223A3A31223B6176617461727C733A31323A226E6F5F696D6167652E706E67223B67656E6465727C733A343A226D616C65223B67726F75705F69647C733A313A2231223B73746F72655F69647C4E3B6861735F73746F72655F69647C4E3B);
INSERT INTO `sessions` VALUES ('ap316609vclfvrr3ttd4879ltqbojuqm', '::1', 1767423029, 0x5F5F63695F6C6173745F726567656E65726174657C693A313736373432333032393B6964656E746974797C733A353A2261646D696E223B757365726E616D657C733A353A2261646D696E223B656D61696C7C733A31383A2261646D696E4074656364696172792E636F6D223B757365725F69647C733A313A2231223B66697273745F6E616D657C733A343A2248656C70223B6C6173745F6E616D657C733A333A22596F75223B637265617465645F6F6E7C733A31313A2232352F30362F3230313520223B6F6C645F6C6173745F6C6F67696E7C733A31303A2231373637313433353630223B6C6173745F69707C733A333A223A3A31223B6176617461727C733A31323A226E6F5F696D6167652E706E67223B67656E6465727C733A343A226D616C65223B67726F75705F69647C733A313A2231223B73746F72655F69647C4E3B6861735F73746F72655F69647C4E3B);
INSERT INTO `sessions` VALUES ('bghamg36l23gl35922fqkpi59sj54cbe', '::1', 1767857416, 0x5F5F63695F6C6173745F726567656E65726174657C693A313736373835373431363B6964656E746974797C733A353A2261646D696E223B757365726E616D657C733A353A2261646D696E223B656D61696C7C733A31383A2261646D696E4074656364696172792E636F6D223B757365725F69647C733A313A2231223B66697273745F6E616D657C733A343A2248656C70223B6C6173745F6E616D657C733A333A22596F75223B637265617465645F6F6E7C733A31313A2232352F30362F3230313520223B6F6C645F6C6173745F6C6F67696E7C733A31303A2231373637363836373033223B6C6173745F69707C733A333A223A3A31223B6176617461727C733A31323A226E6F5F696D6167652E706E67223B67656E6465727C733A343A226D616C65223B67726F75705F69647C733A313A2231223B73746F72655F69647C4E3B6861735F73746F72655F69647C4E3B);
INSERT INTO `sessions` VALUES ('bqd26i00ta187havuuren0mrivb6sr9j', '::1', 1767423799, 0x5F5F63695F6C6173745F726567656E65726174657C693A313736373432333739393B);
INSERT INTO `sessions` VALUES ('bvsu3aus4cofpcka23uikffrkqf00jsl', '::1', 1767950689, 0x5F5F63695F6C6173745F726567656E65726174657C693A313736373935303638313B6964656E746974797C733A353A2261646D696E223B757365726E616D657C733A353A2261646D696E223B656D61696C7C733A31383A2261646D696E4074656364696172792E636F6D223B757365725F69647C733A313A2231223B66697273745F6E616D657C733A343A2248656C70223B6C6173745F6E616D657C733A333A22596F75223B637265617465645F6F6E7C733A31313A2232352F30362F3230313520223B6F6C645F6C6173745F6C6F67696E7C733A31303A2231373637393435343330223B6C6173745F69707C733A333A223A3A31223B6176617461727C733A31323A226E6F5F696D6167652E706E67223B67656E6465727C733A343A226D616C65223B67726F75705F69647C733A313A2231223B73746F72655F69647C4E3B6861735F73746F72655F69647C4E3B);
INSERT INTO `sessions` VALUES ('c6nafbcdfk9lfba1s3gand57bmh5rauu', '::1', 1767001484, 0x5F5F63695F6C6173745F726567656E65726174657C693A313736373030313438343B);
INSERT INTO `sessions` VALUES ('cve7en1o052gm9e973gupot7mdsiue6o', '::1', 1767597045, 0x5F5F63695F6C6173745F726567656E65726174657C693A313736373539373034353B6964656E746974797C733A353A2261646D696E223B757365726E616D657C733A353A2261646D696E223B656D61696C7C733A31383A2261646D696E4074656364696172792E636F6D223B757365725F69647C733A313A2231223B66697273745F6E616D657C733A343A2248656C70223B6C6173745F6E616D657C733A333A22596F75223B637265617465645F6F6E7C733A31313A2232352F30362F3230313520223B6F6C645F6C6173745F6C6F67696E7C733A31303A2231373637343233383032223B6C6173745F69707C733A333A223A3A31223B6176617461727C733A31323A226E6F5F696D6167652E706E67223B67656E6465727C733A343A226D616C65223B67726F75705F69647C733A313A2231223B73746F72655F69647C4E3B6861735F73746F72655F69647C4E3B);
INSERT INTO `sessions` VALUES ('dgn7arfheki8npb2a99qn64l06lbc8c7', '::1', 1767002778, 0x5F5F63695F6C6173745F726567656E65726174657C693A313736373030323532303B6964656E746974797C733A353A2261646D696E223B757365726E616D657C733A353A2261646D696E223B656D61696C7C733A31383A2261646D696E4074656364696172792E636F6D223B757365725F69647C733A313A2231223B66697273745F6E616D657C733A343A2248656C70223B6C6173745F6E616D657C733A333A22596F75223B637265617465645F6F6E7C733A31313A2232352F30362F3230313520223B6F6C645F6C6173745F6C6F67696E7C733A31303A2231373636383933313438223B6C6173745F69707C733A333A223A3A31223B6176617461727C733A31323A226E6F5F696D6167652E706E67223B67656E6465727C733A343A226D616C65223B67726F75705F69647C733A313A2231223B73746F72655F69647C4E3B6861735F73746F72655F69647C4E3B);
INSERT INTO `sessions` VALUES ('di31vlh5rvkqtnh1qm5q5nfsjcmmtnhm', '::1', 1768012630, 0x5F5F63695F6C6173745F726567656E65726174657C693A313736383031323633303B6964656E746974797C733A353A2261646D696E223B757365726E616D657C733A353A2261646D696E223B656D61696C7C733A31383A2261646D696E4074656364696172792E636F6D223B757365725F69647C733A313A2231223B66697273745F6E616D657C733A343A2248656C70223B6C6173745F6E616D657C733A333A22596F75223B637265617465645F6F6E7C733A31313A2232352F30362F3230313520223B6F6C645F6C6173745F6C6F67696E7C733A31303A2231373637393439303038223B6C6173745F69707C733A333A223A3A31223B6176617461727C733A31323A226E6F5F696D6167652E706E67223B67656E6465727C733A343A226D616C65223B67726F75705F69647C733A313A2231223B73746F72655F69647C4E3B6861735F73746F72655F69647C4E3B);
INSERT INTO `sessions` VALUES ('dja01ipu7mob5ftscj3vj5of07eqrojm', '::1', 1767924477, 0x5F5F63695F6C6173745F726567656E65726174657C693A313736373932343437373B6964656E746974797C733A353A2261646D696E223B757365726E616D657C733A353A2261646D696E223B656D61696C7C733A31383A2261646D696E4074656364696172792E636F6D223B757365725F69647C733A313A2231223B66697273745F6E616D657C733A343A2248656C70223B6C6173745F6E616D657C733A333A22596F75223B637265617465645F6F6E7C733A31313A2232352F30362F3230313520223B6F6C645F6C6173745F6C6F67696E7C733A31303A2231373637383639353333223B6C6173745F69707C733A333A223A3A31223B6176617461727C733A31323A226E6F5F696D6167652E706E67223B67656E6465727C733A343A226D616C65223B67726F75705F69647C733A313A2231223B73746F72655F69647C4E3B6861735F73746F72655F69647C4E3B);
INSERT INTO `sessions` VALUES ('drskl6valtnv63hqb3klr01a32mlaua2', '::1', 1767867531, 0x5F5F63695F6C6173745F726567656E65726174657C693A313736373836373336323B6964656E746974797C733A353A2261646D696E223B757365726E616D657C733A353A2261646D696E223B656D61696C7C733A31383A2261646D696E4074656364696172792E636F6D223B757365725F69647C733A313A2231223B66697273745F6E616D657C733A343A2248656C70223B6C6173745F6E616D657C733A333A22596F75223B637265617465645F6F6E7C733A31313A2232352F30362F3230313520223B6F6C645F6C6173745F6C6F67696E7C733A31303A2231373637383636363436223B6C6173745F69707C733A333A223A3A31223B6176617461727C733A31323A226E6F5F696D6167652E706E67223B67656E6465727C733A343A226D616C65223B67726F75705F69647C733A313A2231223B73746F72655F69647C4E3B6861735F73746F72655F69647C4E3B);
INSERT INTO `sessions` VALUES ('dtrob6oth287087pcr60sg5634btphhs', '::1', 1767862223, 0x5F5F63695F6C6173745F726567656E65726174657C693A313736373836323232333B6964656E746974797C733A353A2261646D696E223B757365726E616D657C733A353A2261646D696E223B656D61696C7C733A31383A2261646D696E4074656364696172792E636F6D223B757365725F69647C733A313A2231223B66697273745F6E616D657C733A343A2248656C70223B6C6173745F6E616D657C733A333A22596F75223B637265617465645F6F6E7C733A31313A2232352F30362F3230313520223B6F6C645F6C6173745F6C6F67696E7C733A31303A2231373637363836373033223B6C6173745F69707C733A333A223A3A31223B6176617461727C733A31323A226E6F5F696D6167652E706E67223B67656E6465727C733A343A226D616C65223B67726F75705F69647C733A313A2231223B73746F72655F69647C4E3B6861735F73746F72655F69647C4E3B);
INSERT INTO `sessions` VALUES ('e2njt03d618u94htjge7vohkp02uvg47', '::1', 1768012949, 0x5F5F63695F6C6173745F726567656E65726174657C693A313736383031323934393B6964656E746974797C733A353A2261646D696E223B757365726E616D657C733A353A2261646D696E223B656D61696C7C733A31383A2261646D696E4074656364696172792E636F6D223B757365725F69647C733A313A2231223B66697273745F6E616D657C733A343A2248656C70223B6C6173745F6E616D657C733A333A22596F75223B637265617465645F6F6E7C733A31313A2232352F30362F3230313520223B6F6C645F6C6173745F6C6F67696E7C733A31303A2231373637393439303038223B6C6173745F69707C733A333A223A3A31223B6176617461727C733A31323A226E6F5F696D6167652E706E67223B67656E6465727C733A343A226D616C65223B67726F75705F69647C733A313A2231223B73746F72655F69647C4E3B6861735F73746F72655F69647C4E3B);
INSERT INTO `sessions` VALUES ('ehf7beopplrs1tjlromat3ndpg97i51h', '::1', 1767868695, 0x5F5F63695F6C6173745F726567656E65726174657C693A313736373836383639353B6964656E746974797C733A353A2261646D696E223B757365726E616D657C733A353A2261646D696E223B656D61696C7C733A31383A2261646D696E4074656364696172792E636F6D223B757365725F69647C733A313A2231223B66697273745F6E616D657C733A343A2248656C70223B6C6173745F6E616D657C733A333A22596F75223B637265617465645F6F6E7C733A31313A2232352F30362F3230313520223B6F6C645F6C6173745F6C6F67696E7C733A31303A2231373637383637363536223B6C6173745F69707C733A333A223A3A31223B6176617461727C733A31323A226E6F5F696D6167652E706E67223B67656E6465727C733A343A226D616C65223B67726F75705F69647C733A313A2231223B73746F72655F69647C4E3B6861735F73746F72655F69647C4E3B);
INSERT INTO `sessions` VALUES ('etqn41ujrvv0v7d73k3nt37qfd2tse2c', '::1', 1767869464, 0x5F5F63695F6C6173745F726567656E65726174657C693A313736373836393335393B6964656E746974797C733A353A2261646D696E223B757365726E616D657C733A353A2261646D696E223B656D61696C7C733A31383A2261646D696E4074656364696172792E636F6D223B757365725F69647C733A313A2231223B66697273745F6E616D657C733A343A2248656C70223B6C6173745F6E616D657C733A333A22596F75223B637265617465645F6F6E7C733A31313A2232352F30362F3230313520223B6F6C645F6C6173745F6C6F67696E7C733A31303A2231373637383637363536223B6C6173745F69707C733A333A223A3A31223B6176617461727C733A31323A226E6F5F696D6167652E706E67223B67656E6465727C733A343A226D616C65223B67726F75705F69647C733A313A2231223B73746F72655F69647C4E3B6861735F73746F72655F69647C4E3B);
INSERT INTO `sessions` VALUES ('f7lraom4cep93221d3umev5dtg4hecuh', '::1', 1767687816, 0x5F5F63695F6C6173745F726567656E65726174657C693A313736373638373831363B6964656E746974797C733A353A2261646D696E223B757365726E616D657C733A353A2261646D696E223B656D61696C7C733A31383A2261646D696E4074656364696172792E636F6D223B757365725F69647C733A313A2231223B66697273745F6E616D657C733A343A2248656C70223B6C6173745F6E616D657C733A333A22596F75223B637265617465645F6F6E7C733A31313A2232352F30362F3230313520223B6F6C645F6C6173745F6C6F67696E7C733A31303A2231373637363830313734223B6C6173745F69707C733A333A223A3A31223B6176617461727C733A31323A226E6F5F696D6167652E706E67223B67656E6465727C733A343A226D616C65223B67726F75705F69647C733A313A2231223B73746F72655F69647C4E3B6861735F73746F72655F69647C4E3B);
INSERT INTO `sessions` VALUES ('ft6am1athbb4jnrckdjrf2absakqfpt0', '::1', 1767001484, 0x5F5F63695F6C6173745F726567656E65726174657C693A313736373030313438343B);
INSERT INTO `sessions` VALUES ('g7239jh14pd32bhh2vkda00j0ph15fj5', '::1', 1768015004, 0x5F5F63695F6C6173745F726567656E65726174657C693A313736383031353030343B6964656E746974797C733A353A2261646D696E223B757365726E616D657C733A353A2261646D696E223B656D61696C7C733A31383A2261646D696E4074656364696172792E636F6D223B757365725F69647C733A313A2231223B66697273745F6E616D657C733A343A2248656C70223B6C6173745F6E616D657C733A333A22596F75223B637265617465645F6F6E7C733A31313A2232352F30362F3230313520223B6F6C645F6C6173745F6C6F67696E7C733A31303A2231373637393439303038223B6C6173745F69707C733A333A223A3A31223B6176617461727C733A31323A226E6F5F696D6167652E706E67223B67656E6465727C733A343A226D616C65223B67726F75705F69647C733A313A2231223B73746F72655F69647C4E3B6861735F73746F72655F69647C4E3B);
INSERT INTO `sessions` VALUES ('gk1bpfb0gls8jnn2h3anj0k349ntue1m', '::1', 1767861058, 0x5F5F63695F6C6173745F726567656E65726174657C693A313736373836313035383B6964656E746974797C733A353A2261646D696E223B757365726E616D657C733A353A2261646D696E223B656D61696C7C733A31383A2261646D696E4074656364696172792E636F6D223B757365725F69647C733A313A2231223B66697273745F6E616D657C733A343A2248656C70223B6C6173745F6E616D657C733A333A22596F75223B637265617465645F6F6E7C733A31313A2232352F30362F3230313520223B6F6C645F6C6173745F6C6F67696E7C733A31303A2231373637363836373033223B6C6173745F69707C733A333A223A3A31223B6176617461727C733A31323A226E6F5F696D6167652E706E67223B67656E6465727C733A343A226D616C65223B67726F75705F69647C733A313A2231223B73746F72655F69647C4E3B6861735F73746F72655F69647C4E3B);
INSERT INTO `sessions` VALUES ('gs3aefjv26nocqrk0r6ng0060p6aclc3', '::1', 1766891955, 0x5F5F63695F6C6173745F726567656E65726174657C693A313736363839313934363B6964656E746974797C733A353A2261646D696E223B757365726E616D657C733A353A2261646D696E223B656D61696C7C733A31383A2261646D696E4074656364696172792E636F6D223B757365725F69647C733A313A2231223B66697273745F6E616D657C733A343A2248656C70223B6C6173745F6E616D657C733A333A22596F75223B637265617465645F6F6E7C733A31313A2232352F30362F3230313520223B6F6C645F6C6173745F6C6F67696E7C733A31303A2231373636373539353332223B6C6173745F69707C733A333A223A3A31223B6176617461727C733A31323A226E6F5F696D6167652E706E67223B67656E6465727C733A343A226D616C65223B67726F75705F69647C733A313A2231223B73746F72655F69647C4E3B6861735F73746F72655F69647C4E3B);
INSERT INTO `sessions` VALUES ('h3bd4puk6cmcfk7eihdtnkckc4isnfbu', '::1', 1767143949, 0x5F5F63695F6C6173745F726567656E65726174657C693A313736373134333931373B6964656E746974797C733A353A2261646D696E223B757365726E616D657C733A353A2261646D696E223B656D61696C7C733A31383A2261646D696E4074656364696172792E636F6D223B757365725F69647C733A313A2231223B66697273745F6E616D657C733A343A2248656C70223B6C6173745F6E616D657C733A333A22596F75223B637265617465645F6F6E7C733A31313A2232352F30362F3230313520223B6F6C645F6C6173745F6C6F67696E7C733A31303A2231373637303031343838223B6C6173745F69707C733A333A223A3A31223B6176617461727C733A31323A226E6F5F696D6167652E706E67223B67656E6465727C733A343A226D616C65223B67726F75705F69647C733A313A2231223B73746F72655F69647C4E3B6861735F73746F72655F69647C4E3B);
INSERT INTO `sessions` VALUES ('h7hhe25ebrgdcq37e7fieu8v9mrcsu1r', '::1', 1767143558, 0x5F5F63695F6C6173745F726567656E65726174657C693A313736373134333535383B);
INSERT INTO `sessions` VALUES ('hejs79asustkhvmdkeo2h7m6kphrd0sj', '::1', 1767855761, 0x5F5F63695F6C6173745F726567656E65726174657C693A313736373835353736313B6964656E746974797C733A353A2261646D696E223B757365726E616D657C733A353A2261646D696E223B656D61696C7C733A31383A2261646D696E4074656364696172792E636F6D223B757365725F69647C733A313A2231223B66697273745F6E616D657C733A343A2248656C70223B6C6173745F6E616D657C733A333A22596F75223B637265617465645F6F6E7C733A31313A2232352F30362F3230313520223B6F6C645F6C6173745F6C6F67696E7C733A31303A2231373637363836373033223B6C6173745F69707C733A333A223A3A31223B6176617461727C733A31323A226E6F5F696D6167652E706E67223B67656E6465727C733A343A226D616C65223B67726F75705F69647C733A313A2231223B73746F72655F69647C4E3B6861735F73746F72655F69647C4E3B);
INSERT INTO `sessions` VALUES ('hsphkkhd7as2lh6oruaqqpq27rkmrvb4', '::1', 1767681592, 0x5F5F63695F6C6173745F726567656E65726174657C693A313736373638313539323B6964656E746974797C733A353A2261646D696E223B757365726E616D657C733A353A2261646D696E223B656D61696C7C733A31383A2261646D696E4074656364696172792E636F6D223B757365725F69647C733A313A2231223B66697273745F6E616D657C733A343A2248656C70223B6C6173745F6E616D657C733A333A22596F75223B637265617465645F6F6E7C733A31313A2232352F30362F3230313520223B6F6C645F6C6173745F6C6F67696E7C733A31303A2231373637353934353035223B6C6173745F69707C733A333A223A3A31223B6176617461727C733A31323A226E6F5F696D6167652E706E67223B67656E6465727C733A343A226D616C65223B67726F75705F69647C733A313A2231223B73746F72655F69647C4E3B6861735F73746F72655F69647C4E3B);
INSERT INTO `sessions` VALUES ('i9565f802s6jaoinhbfi4j5aochtppd8', '::1', 1767859513, 0x5F5F63695F6C6173745F726567656E65726174657C693A313736373835393531333B6964656E746974797C733A353A2261646D696E223B757365726E616D657C733A353A2261646D696E223B656D61696C7C733A31383A2261646D696E4074656364696172792E636F6D223B757365725F69647C733A313A2231223B66697273745F6E616D657C733A343A2248656C70223B6C6173745F6E616D657C733A333A22596F75223B637265617465645F6F6E7C733A31313A2232352F30362F3230313520223B6F6C645F6C6173745F6C6F67696E7C733A31303A2231373637363836373033223B6C6173745F69707C733A333A223A3A31223B6176617461727C733A31323A226E6F5F696D6167652E706E67223B67656E6465727C733A343A226D616C65223B67726F75705F69647C733A313A2231223B73746F72655F69647C4E3B6861735F73746F72655F69647C4E3B);
INSERT INTO `sessions` VALUES ('imd2565jta5474s5o1qqbrrrmgcla9b3', '::1', 1767858773, 0x5F5F63695F6C6173745F726567656E65726174657C693A313736373835383737333B6964656E746974797C733A353A2261646D696E223B757365726E616D657C733A353A2261646D696E223B656D61696C7C733A31383A2261646D696E4074656364696172792E636F6D223B757365725F69647C733A313A2231223B66697273745F6E616D657C733A343A2248656C70223B6C6173745F6E616D657C733A333A22596F75223B637265617465645F6F6E7C733A31313A2232352F30362F3230313520223B6F6C645F6C6173745F6C6F67696E7C733A31303A2231373637363836373033223B6C6173745F69707C733A333A223A3A31223B6176617461727C733A31323A226E6F5F696D6167652E706E67223B67656E6465727C733A343A226D616C65223B67726F75705F69647C733A313A2231223B73746F72655F69647C4E3B6861735F73746F72655F69647C4E3B);
INSERT INTO `sessions` VALUES ('imgpkl51vje920dovg30g2242ltvbqi3', '::1', 1768014155, 0x5F5F63695F6C6173745F726567656E65726174657C693A313736383031343135353B6964656E746974797C733A353A2261646D696E223B757365726E616D657C733A353A2261646D696E223B656D61696C7C733A31383A2261646D696E4074656364696172792E636F6D223B757365725F69647C733A313A2231223B66697273745F6E616D657C733A343A2248656C70223B6C6173745F6E616D657C733A333A22596F75223B637265617465645F6F6E7C733A31313A2232352F30362F3230313520223B6F6C645F6C6173745F6C6F67696E7C733A31303A2231373637393439303038223B6C6173745F69707C733A333A223A3A31223B6176617461727C733A31323A226E6F5F696D6167652E706E67223B67656E6465727C733A343A226D616C65223B67726F75705F69647C733A313A2231223B73746F72655F69647C4E3B6861735F73746F72655F69647C4E3B);
INSERT INTO `sessions` VALUES ('iqqf28h7l8lq84ep4o6lv64p71c25je5', '::1', 1768015669, 0x5F5F63695F6C6173745F726567656E65726174657C693A313736383031353636393B6964656E746974797C733A353A2261646D696E223B757365726E616D657C733A353A2261646D696E223B656D61696C7C733A31383A2261646D696E4074656364696172792E636F6D223B757365725F69647C733A313A2231223B66697273745F6E616D657C733A343A2248656C70223B6C6173745F6E616D657C733A333A22596F75223B637265617465645F6F6E7C733A31313A2232352F30362F3230313520223B6F6C645F6C6173745F6C6F67696E7C733A31303A2231373637393439303038223B6C6173745F69707C733A333A223A3A31223B6176617461727C733A31323A226E6F5F696D6167652E706E67223B67656E6465727C733A343A226D616C65223B67726F75705F69647C733A313A2231223B73746F72655F69647C4E3B6861735F73746F72655F69647C4E3B);
INSERT INTO `sessions` VALUES ('ivprvv4eoes4q1cg5gf45784dtrpaqkp', '::1', 1767856347, 0x5F5F63695F6C6173745F726567656E65726174657C693A313736373835363334373B6964656E746974797C733A353A2261646D696E223B757365726E616D657C733A353A2261646D696E223B656D61696C7C733A31383A2261646D696E4074656364696172792E636F6D223B757365725F69647C733A313A2231223B66697273745F6E616D657C733A343A2248656C70223B6C6173745F6E616D657C733A333A22596F75223B637265617465645F6F6E7C733A31313A2232352F30362F3230313520223B6F6C645F6C6173745F6C6F67696E7C733A31303A2231373637363836373033223B6C6173745F69707C733A333A223A3A31223B6176617461727C733A31323A226E6F5F696D6167652E706E67223B67656E6465727C733A343A226D616C65223B67726F75705F69647C733A313A2231223B73746F72655F69647C4E3B6861735F73746F72655F69647C4E3B);
INSERT INTO `sessions` VALUES ('j11rslst91sconmkkup6lggul02hra10', '::1', 1768016713, 0x5F5F63695F6C6173745F726567656E65726174657C693A313736383031363731333B6964656E746974797C733A353A2261646D696E223B757365726E616D657C733A353A2261646D696E223B656D61696C7C733A31383A2261646D696E4074656364696172792E636F6D223B757365725F69647C733A313A2231223B66697273745F6E616D657C733A343A2248656C70223B6C6173745F6E616D657C733A333A22596F75223B637265617465645F6F6E7C733A31313A2232352F30362F3230313520223B6F6C645F6C6173745F6C6F67696E7C733A31303A2231373637393439303038223B6C6173745F69707C733A333A223A3A31223B6176617461727C733A31323A226E6F5F696D6167652E706E67223B67656E6465727C733A343A226D616C65223B67726F75705F69647C733A313A2231223B73746F72655F69647C4E3B6861735F73746F72655F69647C4E3B);
INSERT INTO `sessions` VALUES ('jen5rs2uq3nmjsvn1g8e09v2ei6bbfm7', '::1', 1766891946, 0x5F5F63695F6C6173745F726567656E65726174657C693A313736363839313934363B);
INSERT INTO `sessions` VALUES ('k4829al7dl7dginefrb04o9h4acbfmcm', '::1', 1766760905, 0x5F5F63695F6C6173745F726567656E65726174657C693A313736363736303635303B6964656E746974797C733A353A2261646D696E223B757365726E616D657C733A353A2261646D696E223B656D61696C7C733A31383A2261646D696E4074656364696172792E636F6D223B757365725F69647C733A313A2231223B66697273745F6E616D657C733A343A2248656C70223B6C6173745F6E616D657C733A333A22596F75223B637265617465645F6F6E7C733A31313A2232352F30362F3230313520223B6F6C645F6C6173745F6C6F67696E7C733A31303A2231373636373539313835223B6C6173745F69707C733A333A223A3A31223B6176617461727C733A31323A226E6F5F696D6167652E706E67223B67656E6465727C733A343A226D616C65223B67726F75705F69647C733A313A2231223B73746F72655F69647C4E3B6861735F73746F72655F69647C4E3B);
INSERT INTO `sessions` VALUES ('k89gb6eh2kttpbla5dve0pp0nut80tal', '::1', 1767856656, 0x5F5F63695F6C6173745F726567656E65726174657C693A313736373835363635363B6964656E746974797C733A353A2261646D696E223B757365726E616D657C733A353A2261646D696E223B656D61696C7C733A31383A2261646D696E4074656364696172792E636F6D223B757365725F69647C733A313A2231223B66697273745F6E616D657C733A343A2248656C70223B6C6173745F6E616D657C733A333A22596F75223B637265617465645F6F6E7C733A31313A2232352F30362F3230313520223B6F6C645F6C6173745F6C6F67696E7C733A31303A2231373637363836373033223B6C6173745F69707C733A333A223A3A31223B6176617461727C733A31323A226E6F5F696D6167652E706E67223B67656E6465727C733A343A226D616C65223B67726F75705F69647C733A313A2231223B73746F72655F69647C4E3B6861735F73746F72655F69647C4E3B);
INSERT INTO `sessions` VALUES ('kff46gsjg6kut126305rfiatcnl6vrbd', '::1', 1767867352, 0x5F5F63695F6C6173745F726567656E65726174657C693A313736373836373335323B);
INSERT INTO `sessions` VALUES ('la832rqh2o5cls44ovvouuhbe1ns0aua', '::1', 1768010955, 0x5F5F63695F6C6173745F726567656E65726174657C693A313736383031303935353B6964656E746974797C733A353A2261646D696E223B757365726E616D657C733A353A2261646D696E223B656D61696C7C733A31383A2261646D696E4074656364696172792E636F6D223B757365725F69647C733A313A2231223B66697273745F6E616D657C733A343A2248656C70223B6C6173745F6E616D657C733A333A22596F75223B637265617465645F6F6E7C733A31313A2232352F30362F3230313520223B6F6C645F6C6173745F6C6F67696E7C733A31303A2231373637393439303038223B6C6173745F69707C733A333A223A3A31223B6176617461727C733A31323A226E6F5F696D6167652E706E67223B67656E6465727C733A343A226D616C65223B67726F75705F69647C733A313A2231223B73746F72655F69647C4E3B6861735F73746F72655F69647C4E3B);
INSERT INTO `sessions` VALUES ('m0kbckmsnsv1loqf5mu2r5kra4kjckdp', '::1', 1767423799, 0x5F5F63695F6C6173745F726567656E65726174657C693A313736373432333739393B);
INSERT INTO `sessions` VALUES ('m6jpe7r8rvacmgid7qre1lt7pb6ekq06', '::1', 1767421126, 0x5F5F63695F6C6173745F726567656E65726174657C693A313736373432313132363B6964656E746974797C733A353A2261646D696E223B757365726E616D657C733A353A2261646D696E223B656D61696C7C733A31383A2261646D696E4074656364696172792E636F6D223B757365725F69647C733A313A2231223B66697273745F6E616D657C733A343A2248656C70223B6C6173745F6E616D657C733A333A22596F75223B637265617465645F6F6E7C733A31313A2232352F30362F3230313520223B6F6C645F6C6173745F6C6F67696E7C733A31303A2231373637313433353630223B6C6173745F69707C733A333A223A3A31223B6176617461727C733A31323A226E6F5F696D6167652E706E67223B67656E6465727C733A343A226D616C65223B67726F75705F69647C733A313A2231223B73746F72655F69647C4E3B6861735F73746F72655F69647C4E3B);
INSERT INTO `sessions` VALUES ('ma4fkcbeeaaaikttmprjn6p0fiqpbbbp', '::1', 1767683778, 0x5F5F63695F6C6173745F726567656E65726174657C693A313736373638333737383B6964656E746974797C733A353A2261646D696E223B757365726E616D657C733A353A2261646D696E223B656D61696C7C733A31383A2261646D696E4074656364696172792E636F6D223B757365725F69647C733A313A2231223B66697273745F6E616D657C733A343A2248656C70223B6C6173745F6E616D657C733A333A22596F75223B637265617465645F6F6E7C733A31313A2232352F30362F3230313520223B6F6C645F6C6173745F6C6F67696E7C733A31303A2231373637353934353035223B6C6173745F69707C733A333A223A3A31223B6176617461727C733A31323A226E6F5F696D6167652E706E67223B67656E6465727C733A343A226D616C65223B67726F75705F69647C733A313A2231223B73746F72655F69647C4E3B6861735F73746F72655F69647C4E3B);
INSERT INTO `sessions` VALUES ('mgr23osbrcf19bkdn9l7mh1d9d6c042u', '::1', 1767680128, 0x5F5F63695F6C6173745F726567656E65726174657C693A313736373638303132383B);
INSERT INTO `sessions` VALUES ('mmd69113amn7davekip8e7qpukbkurf3', '::1', 1768017091, 0x5F5F63695F6C6173745F726567656E65726174657C693A313736383031373039313B6964656E746974797C733A353A2261646D696E223B757365726E616D657C733A353A2261646D696E223B656D61696C7C733A31383A2261646D696E4074656364696172792E636F6D223B757365725F69647C733A313A2231223B66697273745F6E616D657C733A343A2248656C70223B6C6173745F6E616D657C733A333A22596F75223B637265617465645F6F6E7C733A31313A2232352F30362F3230313520223B6F6C645F6C6173745F6C6F67696E7C733A31303A2231373637393439303038223B6C6173745F69707C733A333A223A3A31223B6176617461727C733A31323A226E6F5F696D6167652E706E67223B67656E6465727C733A343A226D616C65223B67726F75705F69647C733A313A2231223B73746F72655F69647C4E3B6861735F73746F72655F69647C4E3B);
INSERT INTO `sessions` VALUES ('mom5vl7pjo0fj7m4i4vt3e0un3v0umeg', '::1', 1768018573, 0x5F5F63695F6C6173745F726567656E65726174657C693A313736383031383534323B6964656E746974797C733A353A2261646D696E223B757365726E616D657C733A353A2261646D696E223B656D61696C7C733A31383A2261646D696E4074656364696172792E636F6D223B757365725F69647C733A313A2231223B66697273745F6E616D657C733A343A2248656C70223B6C6173745F6E616D657C733A333A22596F75223B637265617465645F6F6E7C733A31313A2232352F30362F3230313520223B6F6C645F6C6173745F6C6F67696E7C733A31303A2231373638303138333431223B6C6173745F69707C733A333A223A3A31223B6176617461727C733A31323A226E6F5F696D6167652E706E67223B67656E6465727C733A343A226D616C65223B67726F75705F69647C733A313A2231223B73746F72655F69647C4E3B6861735F73746F72655F69647C4E3B);
INSERT INTO `sessions` VALUES ('mqtsh3v6flb15r3tki0mo6b10ihlnbr9', '::1', 1767865547, 0x5F5F63695F6C6173745F726567656E65726174657C693A313736373836353534373B);
INSERT INTO `sessions` VALUES ('n6mv6mq04n84frs6sck6lq6gvumb0gqg', '::1', 1768018098, 0x5F5F63695F6C6173745F726567656E65726174657C693A313736383031383039383B6964656E746974797C733A353A2261646D696E223B757365726E616D657C733A353A2261646D696E223B656D61696C7C733A31383A2261646D696E4074656364696172792E636F6D223B757365725F69647C733A313A2231223B66697273745F6E616D657C733A343A2248656C70223B6C6173745F6E616D657C733A333A22596F75223B637265617465645F6F6E7C733A31313A2232352F30362F3230313520223B6F6C645F6C6173745F6C6F67696E7C733A31303A2231373637393439303038223B6C6173745F69707C733A333A223A3A31223B6176617461727C733A31323A226E6F5F696D6167652E706E67223B67656E6465727C733A343A226D616C65223B67726F75705F69647C733A313A2231223B73746F72655F69647C4E3B6861735F73746F72655F69647C4E3B);
INSERT INTO `sessions` VALUES ('odqj9j0dfqd7t4g3e909r0rgfakn2oo6', '::1', 1766760650, 0x5F5F63695F6C6173745F726567656E65726174657C693A313736363736303635303B6964656E746974797C733A353A2261646D696E223B757365726E616D657C733A353A2261646D696E223B656D61696C7C733A31383A2261646D696E4074656364696172792E636F6D223B757365725F69647C733A313A2231223B66697273745F6E616D657C733A343A2248656C70223B6C6173745F6E616D657C733A333A22596F75223B637265617465645F6F6E7C733A31313A2232352F30362F3230313520223B6F6C645F6C6173745F6C6F67696E7C733A31303A2231373636373539313835223B6C6173745F69707C733A333A223A3A31223B6176617461727C733A31323A226E6F5F696D6167652E706E67223B67656E6465727C733A343A226D616C65223B67726F75705F69647C733A313A2231223B73746F72655F69647C4E3B6861735F73746F72655F69647C4E3B);
INSERT INTO `sessions` VALUES ('oqaoao9dk2maresff9c2ipjahe9c5gca', '::1', 1767686166, 0x5F5F63695F6C6173745F726567656E65726174657C693A313736373638363136363B6964656E746974797C733A353A2261646D696E223B757365726E616D657C733A353A2261646D696E223B656D61696C7C733A31383A2261646D696E4074656364696172792E636F6D223B757365725F69647C733A313A2231223B66697273745F6E616D657C733A343A2248656C70223B6C6173745F6E616D657C733A333A22596F75223B637265617465645F6F6E7C733A31313A2232352F30362F3230313520223B6F6C645F6C6173745F6C6F67696E7C733A31303A2231373637353934353035223B6C6173745F69707C733A333A223A3A31223B6176617461727C733A31323A226E6F5F696D6167652E706E67223B67656E6465727C733A343A226D616C65223B67726F75705F69647C733A313A2231223B73746F72655F69647C4E3B6861735F73746F72655F69647C4E3B);
INSERT INTO `sessions` VALUES ('osmfpn4404kvibu562o8rubu9bjkg32t', '::1', 1768011297, 0x5F5F63695F6C6173745F726567656E65726174657C693A313736383031313239373B6964656E746974797C733A353A2261646D696E223B757365726E616D657C733A353A2261646D696E223B656D61696C7C733A31383A2261646D696E4074656364696172792E636F6D223B757365725F69647C733A313A2231223B66697273745F6E616D657C733A343A2248656C70223B6C6173745F6E616D657C733A333A22596F75223B637265617465645F6F6E7C733A31313A2232352F30362F3230313520223B6F6C645F6C6173745F6C6F67696E7C733A31303A2231373637393439303038223B6C6173745F69707C733A333A223A3A31223B6176617461727C733A31323A226E6F5F696D6167652E706E67223B67656E6465727C733A343A226D616C65223B67726F75705F69647C733A313A2231223B73746F72655F69647C4E3B6861735F73746F72655F69647C4E3B);
INSERT INTO `sessions` VALUES ('p0g2t96rta67o1tjra5osn9k17cglbe4', '::1', 1766993257, 0x5F5F63695F6C6173745F726567656E65726174657C693A313736363939333235373B);
INSERT INTO `sessions` VALUES ('pg450hls2nienhgpdmlkqmadnuko6gr2', '::1', 1767689599, 0x5F5F63695F6C6173745F726567656E65726174657C693A313736373638393539313B6964656E746974797C733A353A2261646D696E223B757365726E616D657C733A353A2261646D696E223B656D61696C7C733A31383A2261646D696E4074656364696172792E636F6D223B757365725F69647C733A313A2231223B66697273745F6E616D657C733A343A2248656C70223B6C6173745F6E616D657C733A333A22596F75223B637265617465645F6F6E7C733A31313A2232352F30362F3230313520223B6F6C645F6C6173745F6C6F67696E7C733A31303A2231373637363830313734223B6C6173745F69707C733A333A223A3A31223B6176617461727C733A31323A226E6F5F696D6167652E706E67223B67656E6465727C733A343A226D616C65223B67726F75705F69647C733A313A2231223B73746F72655F69647C4E3B6861735F73746F72655F69647C4E3B);
INSERT INTO `sessions` VALUES ('pgakbrdvto523i9hhknqjh146c7hssnj', '::1', 1767423799, 0x5F5F63695F6C6173745F726567656E65726174657C693A313736373432333739393B6964656E746974797C733A353A2261646D696E223B757365726E616D657C733A353A2261646D696E223B656D61696C7C733A31383A2261646D696E4074656364696172792E636F6D223B757365725F69647C733A313A2231223B66697273745F6E616D657C733A343A2248656C70223B6C6173745F6E616D657C733A333A22596F75223B637265617465645F6F6E7C733A31313A2232352F30362F3230313520223B6F6C645F6C6173745F6C6F67696E7C733A31303A2231373637313433353630223B6C6173745F69707C733A333A223A3A31223B6176617461727C733A31323A226E6F5F696D6167652E706E67223B67656E6465727C733A343A226D616C65223B67726F75705F69647C733A313A2231223B73746F72655F69647C4E3B6861735F73746F72655F69647C4E3B);
INSERT INTO `sessions` VALUES ('pjlrstlo995fu9vp72e1km5sgud6u1ga', '::1', 1767688531, 0x5F5F63695F6C6173745F726567656E65726174657C693A313736373638383533313B6964656E746974797C733A353A2261646D696E223B757365726E616D657C733A353A2261646D696E223B656D61696C7C733A31383A2261646D696E4074656364696172792E636F6D223B757365725F69647C733A313A2231223B66697273745F6E616D657C733A343A2248656C70223B6C6173745F6E616D657C733A333A22596F75223B637265617465645F6F6E7C733A31313A2232352F30362F3230313520223B6F6C645F6C6173745F6C6F67696E7C733A31303A2231373637363830313734223B6C6173745F69707C733A333A223A3A31223B6176617461727C733A31323A226E6F5F696D6167652E706E67223B67656E6465727C733A343A226D616C65223B67726F75705F69647C733A313A2231223B73746F72655F69647C4E3B6861735F73746F72655F69647C4E3B);
INSERT INTO `sessions` VALUES ('pq4dghcrf9oodj8fdun6b7telmv2ms78', '::1', 1768016077, 0x5F5F63695F6C6173745F726567656E65726174657C693A313736383031363037373B6964656E746974797C733A353A2261646D696E223B757365726E616D657C733A353A2261646D696E223B656D61696C7C733A31383A2261646D696E4074656364696172792E636F6D223B757365725F69647C733A313A2231223B66697273745F6E616D657C733A343A2248656C70223B6C6173745F6E616D657C733A333A22596F75223B637265617465645F6F6E7C733A31313A2232352F30362F3230313520223B6F6C645F6C6173745F6C6F67696E7C733A31303A2231373637393439303038223B6C6173745F69707C733A333A223A3A31223B6176617461727C733A31323A226E6F5F696D6167652E706E67223B67656E6465727C733A343A226D616C65223B67726F75705F69647C733A313A2231223B73746F72655F69647C4E3B6861735F73746F72655F69647C4E3B);
INSERT INTO `sessions` VALUES ('pvcp7450ud0s25rkqos3956eqr61aa9p', '::1', 1767859173, 0x5F5F63695F6C6173745F726567656E65726174657C693A313736373835393137333B6964656E746974797C733A353A2261646D696E223B757365726E616D657C733A353A2261646D696E223B656D61696C7C733A31383A2261646D696E4074656364696172792E636F6D223B757365725F69647C733A313A2231223B66697273745F6E616D657C733A343A2248656C70223B6C6173745F6E616D657C733A333A22596F75223B637265617465645F6F6E7C733A31313A2232352F30362F3230313520223B6F6C645F6C6173745F6C6F67696E7C733A31303A2231373637363836373033223B6C6173745F69707C733A333A223A3A31223B6176617461727C733A31323A226E6F5F696D6167652E706E67223B67656E6465727C733A343A226D616C65223B67726F75705F69647C733A313A2231223B73746F72655F69647C4E3B6861735F73746F72655F69647C4E3B);
INSERT INTO `sessions` VALUES ('q19a96he0ikfkg1090qnslai9a1sh3f5', '::1', 1767865351, 0x5F5F63695F6C6173745F726567656E65726174657C693A313736373836353335313B6964656E746974797C733A353A2261646D696E223B757365726E616D657C733A353A2261646D696E223B656D61696C7C733A31383A2261646D696E4074656364696172792E636F6D223B757365725F69647C733A313A2231223B66697273745F6E616D657C733A343A2248656C70223B6C6173745F6E616D657C733A333A22596F75223B637265617465645F6F6E7C733A31313A2232352F30362F3230313520223B6F6C645F6C6173745F6C6F67696E7C733A31303A2231373637363836373033223B6C6173745F69707C733A333A223A3A31223B6176617461727C733A31323A226E6F5F696D6167652E706E67223B67656E6465727C733A343A226D616C65223B67726F75705F69647C733A313A2231223B73746F72655F69647C4E3B6861735F73746F72655F69647C4E3B);
INSERT INTO `sessions` VALUES ('qonccjkb5beie06uue9kfrm36tcab47o', '::1', 1767865970, 0x5F5F63695F6C6173745F726567656E65726174657C693A313736373836353732393B6964656E746974797C733A353A2261646D696E223B757365726E616D657C733A353A2261646D696E223B656D61696C7C733A31383A2261646D696E4074656364696172792E636F6D223B757365725F69647C733A313A2231223B66697273745F6E616D657C733A343A2248656C70223B6C6173745F6E616D657C733A333A22596F75223B637265617465645F6F6E7C733A31313A2232352F30362F3230313520223B6F6C645F6C6173745F6C6F67696E7C733A31303A2231373637383635353632223B6C6173745F69707C733A333A223A3A31223B6176617461727C733A31323A226E6F5F696D6167652E706E67223B67656E6465727C733A343A226D616C65223B67726F75705F69647C733A313A2231223B73746F72655F69647C4E3B6861735F73746F72655F69647C4E3B);
INSERT INTO `sessions` VALUES ('r3var07cq90oq1hgegu2sbfol8bnrk84', '::1', 1767950681, 0x5F5F63695F6C6173745F726567656E65726174657C693A313736373935303638313B6964656E746974797C733A353A2261646D696E223B757365726E616D657C733A353A2261646D696E223B656D61696C7C733A31383A2261646D696E4074656364696172792E636F6D223B757365725F69647C733A313A2231223B66697273745F6E616D657C733A343A2248656C70223B6C6173745F6E616D657C733A333A22596F75223B637265617465645F6F6E7C733A31313A2232352F30362F3230313520223B6F6C645F6C6173745F6C6F67696E7C733A31303A2231373637393435343330223B6C6173745F69707C733A333A223A3A31223B6176617461727C733A31323A226E6F5F696D6167652E706E67223B67656E6465727C733A343A226D616C65223B67726F75705F69647C733A313A2231223B73746F72655F69647C4E3B6861735F73746F72655F69647C4E3B);
INSERT INTO `sessions` VALUES ('rb6g287v5n28ja92fivkffns7jcratjv', '::1', 1767860635, 0x5F5F63695F6C6173745F726567656E65726174657C693A313736373836303633353B6964656E746974797C733A353A2261646D696E223B757365726E616D657C733A353A2261646D696E223B656D61696C7C733A31383A2261646D696E4074656364696172792E636F6D223B757365725F69647C733A313A2231223B66697273745F6E616D657C733A343A2248656C70223B6C6173745F6E616D657C733A333A22596F75223B637265617465645F6F6E7C733A31313A2232352F30362F3230313520223B6F6C645F6C6173745F6C6F67696E7C733A31303A2231373637363836373033223B6C6173745F69707C733A333A223A3A31223B6176617461727C733A31323A226E6F5F696D6167652E706E67223B67656E6465727C733A343A226D616C65223B67726F75705F69647C733A313A2231223B73746F72655F69647C4E3B6861735F73746F72655F69647C4E3B);
INSERT INTO `sessions` VALUES ('rp2g2cil46utbd4gfbumra1h9d7hrgtg', '::1', 1767002128, 0x5F5F63695F6C6173745F726567656E65726174657C693A313736373030323132383B6964656E746974797C733A353A2261646D696E223B757365726E616D657C733A353A2261646D696E223B656D61696C7C733A31383A2261646D696E4074656364696172792E636F6D223B757365725F69647C733A313A2231223B66697273745F6E616D657C733A343A2248656C70223B6C6173745F6E616D657C733A333A22596F75223B637265617465645F6F6E7C733A31313A2232352F30362F3230313520223B6F6C645F6C6173745F6C6F67696E7C733A31303A2231373636383933313438223B6C6173745F69707C733A333A223A3A31223B6176617461727C733A31323A226E6F5F696D6167652E706E67223B67656E6465727C733A343A226D616C65223B67726F75705F69647C733A313A2231223B73746F72655F69647C4E3B6861735F73746F72655F69647C4E3B);
INSERT INTO `sessions` VALUES ('rs957e8gg53gh128j4qo2nsa72c9f4f9', '::1', 1766759189, 0x5F5F63695F6C6173745F726567656E65726174657C693A313736363735393138323B6964656E746974797C733A353A2261646D696E223B757365726E616D657C733A353A2261646D696E223B656D61696C7C733A31383A2261646D696E4074656364696172792E636F6D223B757365725F69647C733A313A2231223B66697273745F6E616D657C733A343A2248656C70223B6C6173745F6E616D657C733A333A22596F75223B637265617465645F6F6E7C733A31313A2232352F30362F3230313520223B6F6C645F6C6173745F6C6F67696E7C733A31303A2231373636373539313835223B6C6173745F69707C733A333A223A3A31223B6176617461727C733A31323A226E6F5F696D6167652E706E67223B67656E6465727C733A343A226D616C65223B67726F75705F69647C733A313A2231223B73746F72655F69647C4E3B6861735F73746F72655F69647C4E3B);
INSERT INTO `sessions` VALUES ('rv1b41s3smdmkcn5qgslt2o577dgiehv', '::1', 1768015308, 0x5F5F63695F6C6173745F726567656E65726174657C693A313736383031353330383B6964656E746974797C733A353A2261646D696E223B757365726E616D657C733A353A2261646D696E223B656D61696C7C733A31383A2261646D696E4074656364696172792E636F6D223B757365725F69647C733A313A2231223B66697273745F6E616D657C733A343A2248656C70223B6C6173745F6E616D657C733A333A22596F75223B637265617465645F6F6E7C733A31313A2232352F30362F3230313520223B6F6C645F6C6173745F6C6F67696E7C733A31303A2231373637393439303038223B6C6173745F69707C733A333A223A3A31223B6176617461727C733A31323A226E6F5F696D6167652E706E67223B67656E6465727C733A343A226D616C65223B67726F75705F69647C733A313A2231223B73746F72655F69647C4E3B6861735F73746F72655F69647C4E3B);
INSERT INTO `sessions` VALUES ('s89k8ge4f20qv99aan99c1bgf6dpr76h', '::1', 1766760329, 0x5F5F63695F6C6173745F726567656E65726174657C693A313736363736303332393B6964656E746974797C733A353A2261646D696E223B757365726E616D657C733A353A2261646D696E223B656D61696C7C733A31383A2261646D696E4074656364696172792E636F6D223B757365725F69647C733A313A2231223B66697273745F6E616D657C733A343A2248656C70223B6C6173745F6E616D657C733A333A22596F75223B637265617465645F6F6E7C733A31313A2232352F30362F3230313520223B6F6C645F6C6173745F6C6F67696E7C733A31303A2231373636373539313835223B6C6173745F69707C733A333A223A3A31223B6176617461727C733A31323A226E6F5F696D6167652E706E67223B67656E6465727C733A343A226D616C65223B67726F75705F69647C733A313A2231223B73746F72655F69647C4E3B6861735F73746F72655F69647C4E3B);
INSERT INTO `sessions` VALUES ('saic32mbn4u65g350b9he1pbjp9l7e7q', '::1', 1767869359, 0x5F5F63695F6C6173745F726567656E65726174657C693A313736373836393335393B6964656E746974797C733A353A2261646D696E223B757365726E616D657C733A353A2261646D696E223B656D61696C7C733A31383A2261646D696E4074656364696172792E636F6D223B757365725F69647C733A313A2231223B66697273745F6E616D657C733A343A2248656C70223B6C6173745F6E616D657C733A333A22596F75223B637265617465645F6F6E7C733A31313A2232352F30362F3230313520223B6F6C645F6C6173745F6C6F67696E7C733A31303A2231373637383637363536223B6C6173745F69707C733A333A223A3A31223B6176617461727C733A31323A226E6F5F696D6167652E706E67223B67656E6465727C733A343A226D616C65223B67726F75705F69647C733A313A2231223B73746F72655F69647C4E3B6861735F73746F72655F69647C4E3B);
INSERT INTO `sessions` VALUES ('sgk29ele1jau5jubpn0e1hh5blcu26mj', '::1', 1767868315, 0x5F5F63695F6C6173745F726567656E65726174657C693A313736373836383331353B6964656E746974797C733A353A2261646D696E223B757365726E616D657C733A353A2261646D696E223B656D61696C7C733A31383A2261646D696E4074656364696172792E636F6D223B757365725F69647C733A313A2231223B66697273745F6E616D657C733A343A2248656C70223B6C6173745F6E616D657C733A333A22596F75223B637265617465645F6F6E7C733A31313A2232352F30362F3230313520223B6F6C645F6C6173745F6C6F67696E7C733A31303A2231373637383637363536223B6C6173745F69707C733A333A223A3A31223B6176617461727C733A31323A226E6F5F696D6167652E706E67223B67656E6465727C733A343A226D616C65223B67726F75705F69647C733A313A2231223B73746F72655F69647C4E3B6861735F73746F72655F69647C4E3B);
INSERT INTO `sessions` VALUES ('sj8dguiqeuntfov3g32gaj470iqtidj2', '::1', 1767680908, 0x5F5F63695F6C6173745F726567656E65726174657C693A313736373638303930383B6964656E746974797C733A353A2261646D696E223B757365726E616D657C733A353A2261646D696E223B656D61696C7C733A31383A2261646D696E4074656364696172792E636F6D223B757365725F69647C733A313A2231223B66697273745F6E616D657C733A343A2248656C70223B6C6173745F6E616D657C733A333A22596F75223B637265617465645F6F6E7C733A31313A2232352F30362F3230313520223B6F6C645F6C6173745F6C6F67696E7C733A31303A2231373637353934353035223B6C6173745F69707C733A333A223A3A31223B6176617461727C733A31323A226E6F5F696D6167652E706E67223B67656E6465727C733A343A226D616C65223B67726F75705F69647C733A313A2231223B73746F72655F69647C4E3B6861735F73746F72655F69647C4E3B);
INSERT INTO `sessions` VALUES ('spntkm0a0b39v7s2o6ua3ttf2k078jpb', '::1', 1768018542, 0x5F5F63695F6C6173745F726567656E65726174657C693A313736383031383534323B6964656E746974797C733A353A2261646D696E223B757365726E616D657C733A353A2261646D696E223B656D61696C7C733A31383A2261646D696E4074656364696172792E636F6D223B757365725F69647C733A313A2231223B66697273745F6E616D657C733A343A2248656C70223B6C6173745F6E616D657C733A333A22596F75223B637265617465645F6F6E7C733A31313A2232352F30362F3230313520223B6F6C645F6C6173745F6C6F67696E7C733A31303A2231373638303138333431223B6C6173745F69707C733A333A223A3A31223B6176617461727C733A31323A226E6F5F696D6167652E706E67223B67656E6465727C733A343A226D616C65223B67726F75705F69647C733A313A2231223B73746F72655F69647C4E3B6861735F73746F72655F69647C4E3B);
INSERT INTO `sessions` VALUES ('sr39gs7ls22f7o1u558uvlis4vmma9sq', '::1', 1767866604, 0x5F5F63695F6C6173745F726567656E65726174657C693A313736373836363431343B6964656E746974797C733A353A2261646D696E223B757365726E616D657C733A353A2261646D696E223B656D61696C7C733A31383A2261646D696E4074656364696172792E636F6D223B757365725F69647C733A313A2231223B66697273745F6E616D657C733A343A2248656C70223B6C6173745F6E616D657C733A333A22596F75223B637265617465645F6F6E7C733A31313A2232352F30362F3230313520223B6F6C645F6C6173745F6C6F67696E7C733A31303A2231373637383635393639223B6C6173745F69707C733A333A223A3A31223B6176617461727C733A31323A226E6F5F696D6167652E706E67223B67656E6465727C733A343A226D616C65223B67726F75705F69647C733A313A2231223B73746F72655F69647C4E3B6861735F73746F72655F69647C4E3B);
INSERT INTO `sessions` VALUES ('t1c36qpg6v1dcms9i03q5a6tcfkl8e8g', '::1', 1767860324, 0x5F5F63695F6C6173745F726567656E65726174657C693A313736373836303332343B6964656E746974797C733A353A2261646D696E223B757365726E616D657C733A353A2261646D696E223B656D61696C7C733A31383A2261646D696E4074656364696172792E636F6D223B757365725F69647C733A313A2231223B66697273745F6E616D657C733A343A2248656C70223B6C6173745F6E616D657C733A333A22596F75223B637265617465645F6F6E7C733A31313A2232352F30362F3230313520223B6F6C645F6C6173745F6C6F67696E7C733A31303A2231373637363836373033223B6C6173745F69707C733A333A223A3A31223B6176617461727C733A31323A226E6F5F696D6167652E706E67223B67656E6465727C733A343A226D616C65223B67726F75705F69647C733A313A2231223B73746F72655F69647C4E3B6861735F73746F72655F69647C4E3B);
INSERT INTO `sessions` VALUES ('t4f6bbph95dllm30n89dolenp8btq2l7', '::1', 1767680484, 0x5F5F63695F6C6173745F726567656E65726174657C693A313736373638303438343B6964656E746974797C733A353A2261646D696E223B757365726E616D657C733A353A2261646D696E223B656D61696C7C733A31383A2261646D696E4074656364696172792E636F6D223B757365725F69647C733A313A2231223B66697273745F6E616D657C733A343A2248656C70223B6C6173745F6E616D657C733A333A22596F75223B637265617465645F6F6E7C733A31313A2232352F30362F3230313520223B6F6C645F6C6173745F6C6F67696E7C733A31303A2231373637353934353035223B6C6173745F69707C733A333A223A3A31223B6176617461727C733A31323A226E6F5F696D6167652E706E67223B67656E6465727C733A343A226D616C65223B67726F75705F69647C733A313A2231223B73746F72655F69647C4E3B6861735F73746F72655F69647C4E3B);
INSERT INTO `sessions` VALUES ('thbs115dd6b9osj750fs9bfbk1vftq5r', '::1', 1767949001, 0x5F5F63695F6C6173745F726567656E65726174657C693A313736373934393030313B);
INSERT INTO `sessions` VALUES ('tt1gr8njhvtkb5qm3ajbha6buaa2nlnu', '::1', 1767686532, 0x5F5F63695F6C6173745F726567656E65726174657C693A313736373638363136363B6964656E746974797C733A353A2261646D696E223B757365726E616D657C733A353A2261646D696E223B656D61696C7C733A31383A2261646D696E4074656364696172792E636F6D223B757365725F69647C733A313A2231223B66697273745F6E616D657C733A343A2248656C70223B6C6173745F6E616D657C733A333A22596F75223B637265617465645F6F6E7C733A31313A2232352F30362F3230313520223B6F6C645F6C6173745F6C6F67696E7C733A31303A2231373637353934353035223B6C6173745F69707C733A333A223A3A31223B6176617461727C733A31323A226E6F5F696D6167652E706E67223B67656E6465727C733A343A226D616C65223B67726F75705F69647C733A313A2231223B73746F72655F69647C4E3B6861735F73746F72655F69647C4E3B);
INSERT INTO `sessions` VALUES ('u5q6vp250ce90enet0s36cqbf0ptec2p', '::1', 1767949001, 0x5F5F63695F6C6173745F726567656E65726174657C693A313736373934393030313B);
INSERT INTO `sessions` VALUES ('uka0h65ei7o6b5gir8g775kgfoa5dvoo', '::1', 1767096140, 0x5F5F63695F6C6173745F726567656E65726174657C693A313736373039363037313B);
INSERT INTO `sessions` VALUES ('us790jfdj1e1q4ijap10asju7a4se616', '::1', 1768012272, 0x5F5F63695F6C6173745F726567656E65726174657C693A313736383031323237323B6964656E746974797C733A353A2261646D696E223B757365726E616D657C733A353A2261646D696E223B656D61696C7C733A31383A2261646D696E4074656364696172792E636F6D223B757365725F69647C733A313A2231223B66697273745F6E616D657C733A343A2248656C70223B6C6173745F6E616D657C733A333A22596F75223B637265617465645F6F6E7C733A31313A2232352F30362F3230313520223B6F6C645F6C6173745F6C6F67696E7C733A31303A2231373637393439303038223B6C6173745F69707C733A333A223A3A31223B6176617461727C733A31323A226E6F5F696D6167652E706E67223B67656E6465727C733A343A226D616C65223B67726F75705F69647C733A313A2231223B73746F72655F69647C4E3B6861735F73746F72655F69647C4E3B);
INSERT INTO `sessions` VALUES ('usof9agukiui2iki3glo7c6ipin8s38i', '::1', 1767861920, 0x5F5F63695F6C6173745F726567656E65726174657C693A313736373836313932303B6964656E746974797C733A353A2261646D696E223B757365726E616D657C733A353A2261646D696E223B656D61696C7C733A31383A2261646D696E4074656364696172792E636F6D223B757365725F69647C733A313A2231223B66697273745F6E616D657C733A343A2248656C70223B6C6173745F6E616D657C733A333A22596F75223B637265617465645F6F6E7C733A31313A2232352F30362F3230313520223B6F6C645F6C6173745F6C6F67696E7C733A31303A2231373637363836373033223B6C6173745F69707C733A333A223A3A31223B6176617461727C733A31323A226E6F5F696D6167652E706E67223B67656E6465727C733A343A226D616C65223B67726F75705F69647C733A313A2231223B73746F72655F69647C4E3B6861735F73746F72655F69647C4E3B);
INSERT INTO `sessions` VALUES ('uu51mt8t750n7ka5ll0d671pbasbopfk', '::1', 1766893149, 0x5F5F63695F6C6173745F726567656E65726174657C693A313736363839333134333B6964656E746974797C733A353A2261646D696E223B757365726E616D657C733A353A2261646D696E223B656D61696C7C733A31383A2261646D696E4074656364696172792E636F6D223B757365725F69647C733A313A2231223B66697273745F6E616D657C733A343A2248656C70223B6C6173745F6E616D657C733A333A22596F75223B637265617465645F6F6E7C733A31313A2232352F30362F3230313520223B6F6C645F6C6173745F6C6F67696E7C733A31303A2231373636383931393436223B6C6173745F69707C733A333A223A3A31223B6176617461727C733A31323A226E6F5F696D6167652E706E67223B67656E6465727C733A343A226D616C65223B67726F75705F69647C733A313A2231223B73746F72655F69647C4E3B6861735F73746F72655F69647C4E3B);
INSERT INTO `sessions` VALUES ('v33lj8ced4pr2mdp2johm7ojvfo2s1ko', '::1', 1767684331, 0x5F5F63695F6C6173745F726567656E65726174657C693A313736373638343333313B6964656E746974797C733A353A2261646D696E223B757365726E616D657C733A353A2261646D696E223B656D61696C7C733A31383A2261646D696E4074656364696172792E636F6D223B757365725F69647C733A313A2231223B66697273745F6E616D657C733A343A2248656C70223B6C6173745F6E616D657C733A333A22596F75223B637265617465645F6F6E7C733A31313A2232352F30362F3230313520223B6F6C645F6C6173745F6C6F67696E7C733A31303A2231373637353934353035223B6C6173745F69707C733A333A223A3A31223B6176617461727C733A31323A226E6F5F696D6167652E706E67223B67656E6465727C733A343A226D616C65223B67726F75705F69647C733A313A2231223B73746F72655F69647C4E3B6861735F73746F72655F69647C4E3B);
INSERT INTO `sessions` VALUES ('v69voj20cp8ttl5cv9jadrkeu0ekpunh', '::1', 1767869635, 0x5F5F63695F6C6173745F726567656E65726174657C693A313736373836393530383B6964656E746974797C733A353A2261646D696E223B757365726E616D657C733A353A2261646D696E223B656D61696C7C733A31383A2261646D696E4074656364696172792E636F6D223B757365725F69647C733A313A2231223B66697273745F6E616D657C733A343A2248656C70223B6C6173745F6E616D657C733A333A22596F75223B637265617465645F6F6E7C733A31313A2232352F30362F3230313520223B6F6C645F6C6173745F6C6F67696E7C733A31303A2231373637383637373438223B6C6173745F69707C733A333A223A3A31223B6176617461727C733A31323A226E6F5F696D6167652E706E67223B67656E6465727C733A343A226D616C65223B67726F75705F69647C733A313A2231223B73746F72655F69647C4E3B6861735F73746F72655F69647C4E3B);
INSERT INTO `sessions` VALUES ('v88vfhhmv2c25j1oo1jfpps3ahc9oko5', '::1', 1767867746, 0x5F5F63695F6C6173745F726567656E65726174657C693A313736373836373734363B);
INSERT INTO `sessions` VALUES ('vr3p1ico7nnueddf6qhh9sp7jnmmlscl', '::1', 1768011650, 0x5F5F63695F6C6173745F726567656E65726174657C693A313736383031313635303B6964656E746974797C733A353A2261646D696E223B757365726E616D657C733A353A2261646D696E223B656D61696C7C733A31383A2261646D696E4074656364696172792E636F6D223B757365725F69647C733A313A2231223B66697273745F6E616D657C733A343A2248656C70223B6C6173745F6E616D657C733A333A22596F75223B637265617465645F6F6E7C733A31313A2232352F30362F3230313520223B6F6C645F6C6173745F6C6F67696E7C733A31303A2231373637393439303038223B6C6173745F69707C733A333A223A3A31223B6176617461727C733A31323A226E6F5F696D6167652E706E67223B67656E6465727C733A343A226D616C65223B67726F75705F69647C733A313A2231223B73746F72655F69647C4E3B6861735F73746F72655F69647C4E3B);
INSERT INTO `sessions` VALUES ('vr8ctnkf6hmfed5pepour1ofk51fe2lq', '::1', 1767597051, 0x5F5F63695F6C6173745F726567656E65726174657C693A313736373539373034353B6964656E746974797C733A353A2261646D696E223B757365726E616D657C733A353A2261646D696E223B656D61696C7C733A31383A2261646D696E4074656364696172792E636F6D223B757365725F69647C733A313A2231223B66697273745F6E616D657C733A343A2248656C70223B6C6173745F6E616D657C733A333A22596F75223B637265617465645F6F6E7C733A31313A2232352F30362F3230313520223B6F6C645F6C6173745F6C6F67696E7C733A31303A2231373637343233383032223B6C6173745F69707C733A333A223A3A31223B6176617461727C733A31323A226E6F5F696D6167652E706E67223B67656E6465727C733A343A226D616C65223B67726F75705F69647C733A313A2231223B73746F72655F69647C4E3B6861735F73746F72655F69647C4E3B);

-- ----------------------------
-- Table structure for settings
-- ----------------------------
DROP TABLE IF EXISTS `settings`;
CREATE TABLE `settings`  (
  `setting_id` int(11) NOT NULL,
  `logo` varchar(255) CHARACTER SET utf8 COLLATE utf8_general_ci NOT NULL,
  `site_name` varchar(55) CHARACTER SET utf8 COLLATE utf8_general_ci NOT NULL,
  `tel` varchar(20) CHARACTER SET utf8 COLLATE utf8_general_ci NOT NULL,
  `dateformat` varchar(20) CHARACTER SET utf8 COLLATE utf8_general_ci NULL DEFAULT NULL,
  `timeformat` varchar(20) CHARACTER SET utf8 COLLATE utf8_general_ci NULL DEFAULT NULL,
  `default_email` varchar(100) CHARACTER SET utf8 COLLATE utf8_general_ci NOT NULL,
  `language` varchar(20) CHARACTER SET utf8 COLLATE utf8_general_ci NOT NULL,
  `version` varchar(10) CHARACTER SET utf8 COLLATE utf8_general_ci NOT NULL DEFAULT '1.0',
  `theme` varchar(20) CHARACTER SET utf8 COLLATE utf8_general_ci NOT NULL,
  `timezone` varchar(255) CHARACTER SET utf8 COLLATE utf8_general_ci NOT NULL DEFAULT '0',
  `protocol` varchar(20) CHARACTER SET utf8 COLLATE utf8_general_ci NOT NULL DEFAULT 'mail',
  `smtp_host` varchar(255) CHARACTER SET utf8 COLLATE utf8_general_ci NULL DEFAULT NULL,
  `smtp_user` varchar(100) CHARACTER SET utf8 COLLATE utf8_general_ci NULL DEFAULT NULL,
  `smtp_pass` varchar(255) CHARACTER SET utf8 COLLATE utf8_general_ci NULL DEFAULT NULL,
  `smtp_port` varchar(10) CHARACTER SET utf8 COLLATE utf8_general_ci NULL DEFAULT '25',
  `smtp_crypto` varchar(5) CHARACTER SET utf8 COLLATE utf8_general_ci NULL DEFAULT NULL,
  `mmode` tinyint(1) NOT NULL,
  `captcha` tinyint(1) NOT NULL DEFAULT 1,
  `mailpath` varchar(55) CHARACTER SET utf8 COLLATE utf8_general_ci NULL DEFAULT NULL,
  `currency_prefix` varchar(3) CHARACTER SET utf8 COLLATE utf8_general_ci NOT NULL,
  `default_customer` int(11) NOT NULL,
  `default_tax_rate` varchar(20) CHARACTER SET utf8 COLLATE utf8_general_ci NOT NULL,
  `rows_per_page` int(11) NOT NULL,
  `total_rows` int(11) NOT NULL,
  `header` varchar(1000) CHARACTER SET utf8 COLLATE utf8_general_ci NULL DEFAULT NULL,
  `footer` varchar(1000) CHARACTER SET utf8 COLLATE utf8_general_ci NULL DEFAULT NULL,
  `bsty` tinyint(4) NOT NULL,
  `display_kb` tinyint(4) NOT NULL,
  `default_category` int(11) NOT NULL,
  `default_discount` varchar(20) CHARACTER SET utf8 COLLATE utf8_general_ci NOT NULL,
  `item_addition` tinyint(1) NOT NULL,
  `barcode_symbology` varchar(55) CHARACTER SET utf8 COLLATE utf8_general_ci NULL DEFAULT NULL,
  `pro_limit` tinyint(4) NOT NULL,
  `decimals` tinyint(1) NOT NULL DEFAULT 2,
  `thousands_sep` varchar(2) CHARACTER SET utf8 COLLATE utf8_general_ci NOT NULL DEFAULT ',',
  `decimals_sep` varchar(2) CHARACTER SET utf8 COLLATE utf8_general_ci NOT NULL DEFAULT '.',
  `focus_add_item` varchar(55) CHARACTER SET utf8 COLLATE utf8_general_ci NULL DEFAULT NULL,
  `add_customer` varchar(55) CHARACTER SET utf8 COLLATE utf8_general_ci NULL DEFAULT NULL,
  `toggle_category_slider` varchar(55) CHARACTER SET utf8 COLLATE utf8_general_ci NULL DEFAULT NULL,
  `cancel_sale` varchar(55) CHARACTER SET utf8 COLLATE utf8_general_ci NULL DEFAULT NULL,
  `suspend_sale` varchar(55) CHARACTER SET utf8 COLLATE utf8_general_ci NULL DEFAULT NULL,
  `print_order` varchar(55) CHARACTER SET utf8 COLLATE utf8_general_ci NULL DEFAULT NULL,
  `print_bill` varchar(55) CHARACTER SET utf8 COLLATE utf8_general_ci NULL DEFAULT NULL,
  `finalize_sale` varchar(55) CHARACTER SET utf8 COLLATE utf8_general_ci NULL DEFAULT NULL,
  `today_sale` varchar(55) CHARACTER SET utf8 COLLATE utf8_general_ci NULL DEFAULT NULL,
  `open_hold_bills` varchar(55) CHARACTER SET utf8 COLLATE utf8_general_ci NULL DEFAULT NULL,
  `close_register` varchar(55) CHARACTER SET utf8 COLLATE utf8_general_ci NULL DEFAULT NULL,
  `java_applet` tinyint(1) NOT NULL,
  `receipt_printer` varchar(55) CHARACTER SET utf8 COLLATE utf8_general_ci NULL DEFAULT NULL,
  `pos_printers` varchar(255) CHARACTER SET utf8 COLLATE utf8_general_ci NULL DEFAULT NULL,
  `cash_drawer_codes` varchar(55) CHARACTER SET utf8 COLLATE utf8_general_ci NULL DEFAULT NULL,
  `char_per_line` tinyint(4) NULL DEFAULT 42,
  `rounding` tinyint(1) NULL DEFAULT 0,
  `pin_code` varchar(20) CHARACTER SET utf8 COLLATE utf8_general_ci NULL DEFAULT NULL,
  `stripe` tinyint(1) NULL DEFAULT NULL,
  `stripe_secret_key` varchar(100) CHARACTER SET utf8 COLLATE utf8_general_ci NULL DEFAULT NULL,
  `stripe_publishable_key` varchar(100) CHARACTER SET utf8 COLLATE utf8_general_ci NULL DEFAULT NULL,
  `purchase_code` varchar(100) CHARACTER SET utf8 COLLATE utf8_general_ci NULL DEFAULT NULL,
  `envato_username` varchar(50) CHARACTER SET utf8 COLLATE utf8_general_ci NULL DEFAULT NULL,
  `theme_style` varchar(25) CHARACTER SET utf8 COLLATE utf8_general_ci NULL DEFAULT 'green',
  `after_sale_page` tinyint(1) NULL DEFAULT NULL,
  `overselling` tinyint(1) NULL DEFAULT 1,
  `multi_store` tinyint(1) NULL DEFAULT NULL,
  `qty_decimals` tinyint(1) NULL DEFAULT 2,
  `symbol` varchar(55) CHARACTER SET utf8 COLLATE utf8_general_ci NULL DEFAULT NULL,
  `sac` tinyint(1) NULL DEFAULT 0,
  `display_symbol` tinyint(1) NULL DEFAULT NULL,
  `remote_printing` tinyint(1) NULL DEFAULT 1,
  `printer` int(11) NULL DEFAULT NULL,
  `order_printers` varchar(55) CHARACTER SET utf8 COLLATE utf8_general_ci NULL DEFAULT NULL,
  `auto_print` tinyint(1) NULL DEFAULT 0,
  `local_printers` tinyint(1) NULL DEFAULT NULL,
  `rtl` tinyint(1) NULL DEFAULT NULL,
  `print_img` tinyint(1) NULL DEFAULT NULL,
  `ws_barcode_type` varchar(10) CHARACTER SET utf8 COLLATE utf8_general_ci NULL DEFAULT 'weight',
  `ws_barcode_chars` tinyint(4) NULL DEFAULT NULL,
  `flag_chars` tinyint(4) NULL DEFAULT NULL,
  `item_code_start` tinyint(4) NULL DEFAULT NULL,
  `item_code_chars` tinyint(4) NULL DEFAULT NULL,
  `price_start` tinyint(4) NULL DEFAULT NULL,
  `price_chars` tinyint(4) NULL DEFAULT NULL,
  `price_divide_by` int(11) NULL DEFAULT NULL,
  `weight_start` tinyint(4) NULL DEFAULT NULL,
  `weight_chars` tinyint(4) NULL DEFAULT NULL,
  `weight_divide_by` int(11) NULL DEFAULT NULL,
  PRIMARY KEY (`setting_id`) USING BTREE
) ENGINE = InnoDB CHARACTER SET = utf8 COLLATE = utf8_general_ci ROW_FORMAT = Dynamic;

-- ----------------------------
-- Records of settings
-- ----------------------------
INSERT INTO `settings` VALUES (1, 'no_image.png', 'Help POS', '018 794 88 99', 'd/m/Y', '', 'chhomphea4511@gmail.com', 'khmer', '4.1.0', 'default', 'Asia/Kuala_Lumpur', 'mail', 'pop.gmail.com', 'support@helpyou.my', '', '25', '', 0, 0, NULL, 'USD', 51, '10%', 50, 30, NULL, NULL, 3, 0, 0, '0', 0, NULL, 20, 2, ',', '.', 'ALT+F1', 'ALT+F2', 'ALT+F10', 'ALT+F5', 'ALT+F6', 'ALT+F11', 'ALT+F12', 'ALT+F8', 'Ctrl+F1', 'Ctrl+F2', 'ALT+F7', 0, '', '', '', 42, 0, NULL, 0, '4511', '', '8d73fb62-c40c-4392-94a9-95dfd266d5fd', 'chhomphea', 'helpyou', 0, 1, 0, 2, '$', 0, 2, 1, 2, '[\"2\"]', 1, 1, 0, 1, 'weight', 10, 1, 2, 10, 0, 0, 0, 8, 3, 100);

-- ----------------------------
-- Table structure for table_registers
-- ----------------------------
DROP TABLE IF EXISTS `table_registers`;
CREATE TABLE `table_registers`  (
  `id` int(11) NOT NULL AUTO_INCREMENT,
  `date` timestamp(0) NOT NULL DEFAULT current_timestamp,
  `user_id` int(11) NOT NULL,
  `cash_in_hand` decimal(25, 4) NOT NULL,
  `status` varchar(10) CHARACTER SET utf8 COLLATE utf8_general_ci NOT NULL,
  `total_cash` decimal(25, 4) NULL DEFAULT NULL,
  `total_cheques` int(11) NULL DEFAULT NULL,
  `total_cc_slips` int(11) NULL DEFAULT NULL,
  `total_cash_submitted` decimal(25, 4) NULL DEFAULT NULL,
  `total_cheques_submitted` int(11) NULL DEFAULT NULL,
  `total_cc_slips_submitted` int(11) NULL DEFAULT NULL,
  `note` text CHARACTER SET utf8 COLLATE utf8_general_ci NULL DEFAULT NULL,
  `closed_at` timestamp(0) NULL DEFAULT NULL,
  `transfer_opened_bills` varchar(50) CHARACTER SET utf8 COLLATE utf8_general_ci NULL DEFAULT NULL,
  `closed_by` int(11) NULL DEFAULT NULL,
  `store_id` int(11) NOT NULL DEFAULT 1,
  PRIMARY KEY (`id`) USING BTREE
) ENGINE = InnoDB AUTO_INCREMENT = 1 CHARACTER SET = utf8 COLLATE = utf8_general_ci ROW_FORMAT = Dynamic;

-- ----------------------------
-- Records of table_registers
-- ----------------------------

-- ----------------------------
-- Table structure for units
-- ----------------------------
DROP TABLE IF EXISTS `units`;
CREATE TABLE `units`  (
  `id` int(11) NOT NULL AUTO_INCREMENT,
  `code` varchar(255) CHARACTER SET utf8 COLLATE utf8_general_ci NULL DEFAULT NULL,
  `name` varchar(255) CHARACTER SET utf8 COLLATE utf8_general_ci NULL DEFAULT NULL,
  `sort` int(11) NULL DEFAULT NULL,
  `delete` int(1) NULL DEFAULT 0,
  `deleted_by` int(1) NULL DEFAULT 0,
  `active` tinyint(1) NULL DEFAULT 1,
  `created_at` datetime(0) NULL DEFAULT NULL,
  PRIMARY KEY (`id`) USING BTREE
) ENGINE = InnoDB AUTO_INCREMENT = 26 CHARACTER SET = utf8 COLLATE = utf8_general_ci ROW_FORMAT = Dynamic;

-- ----------------------------
-- Records of units
-- ----------------------------
INSERT INTO `units` VALUES (1, 'U-001', 'Can', 1, 0, 0, 1, '2025-05-04 20:11:04');
INSERT INTO `units` VALUES (2, 'U-002', 'Box', 2, 0, 0, 1, '2025-05-04 22:40:04');
INSERT INTO `units` VALUES (19, 'Box', 'Box', 10, 0, 0, 1, '2025-05-04 20:00:04');
INSERT INTO `units` VALUES (22, 'ម៉ែតគូប', 'ម៉ែតគូប', 2, 0, 0, 1, '2025-05-04 20:00:04');
INSERT INTO `units` VALUES (23, 'ដប', 'ដប', 5, 0, 0, 1, '2025-06-09 07:42:32');
INSERT INTO `units` VALUES (25, 'ូUnit', 'Unit', 30, 0, 0, 1, '2025-06-09 07:28:03');

-- ----------------------------
-- Table structure for user_logins
-- ----------------------------
DROP TABLE IF EXISTS `user_logins`;
CREATE TABLE `user_logins`  (
  `id` int(11) NOT NULL AUTO_INCREMENT,
  `user_id` int(11) NOT NULL,
  `company_id` int(11) NULL DEFAULT NULL,
  `ip_address` varbinary(16) NOT NULL,
  `login` varchar(100) CHARACTER SET utf8 COLLATE utf8_general_ci NOT NULL,
  `time` timestamp(0) NULL DEFAULT current_timestamp,
  PRIMARY KEY (`id`) USING BTREE
) ENGINE = InnoDB AUTO_INCREMENT = 432 CHARACTER SET = utf8 COLLATE = utf8_general_ci ROW_FORMAT = Dynamic;

-- ----------------------------
-- Records of user_logins
-- ----------------------------
INSERT INTO `user_logins` VALUES (193, 1, NULL, 0x3139322E3136382E312E3836, 'admin', '2023-02-18 09:38:18');
INSERT INTO `user_logins` VALUES (194, 1, NULL, 0x3139322E3136382E312E3636, 'admin', '2023-02-18 09:39:34');
INSERT INTO `user_logins` VALUES (195, 1, NULL, 0x3A3A31, 'admin', '2023-02-19 10:51:04');
INSERT INTO `user_logins` VALUES (196, 1, NULL, 0x3A3A31, 'admin', '2023-02-19 11:05:27');
INSERT INTO `user_logins` VALUES (197, 1, NULL, 0x3139322E3136382E312E3932, 'admin', '2023-02-19 12:55:52');
INSERT INTO `user_logins` VALUES (198, 1, NULL, 0x3A3A31, 'admin', '2023-02-20 08:52:45');
INSERT INTO `user_logins` VALUES (199, 1, NULL, 0x3139322E3136382E312E3636, 'admin', '2023-02-20 09:11:11');
INSERT INTO `user_logins` VALUES (200, 1, NULL, 0x3A3A31, 'admin', '2023-02-20 13:10:34');
INSERT INTO `user_logins` VALUES (201, 1, NULL, 0x3139322E3136382E312E3636, 'admin', '2023-02-23 09:05:46');
INSERT INTO `user_logins` VALUES (202, 1, NULL, 0x3A3A31, 'admin', '2023-02-24 10:40:52');
INSERT INTO `user_logins` VALUES (203, 1, NULL, 0x3A3A31, 'admin', '2023-02-24 14:06:07');
INSERT INTO `user_logins` VALUES (204, 1, NULL, 0x3139322E3136382E312E3835, 'admin', '2023-02-25 08:58:22');
INSERT INTO `user_logins` VALUES (205, 1, NULL, 0x3A3A31, 'admin', '2023-02-25 15:07:02');
INSERT INTO `user_logins` VALUES (206, 1, NULL, 0x3A3A31, 'admin', '2023-02-27 11:44:02');
INSERT INTO `user_logins` VALUES (207, 1, NULL, 0x3A3A31, 'admin', '2023-02-27 12:57:30');
INSERT INTO `user_logins` VALUES (208, 1, NULL, 0x3139322E3136382E312E31, 'admin', '2023-02-27 13:55:00');
INSERT INTO `user_logins` VALUES (209, 1, NULL, 0x3A3A31, 'admin', '2023-02-27 16:24:36');
INSERT INTO `user_logins` VALUES (210, 1, NULL, 0x3A3A31, 'admin', '2023-02-28 09:00:28');
INSERT INTO `user_logins` VALUES (211, 1, NULL, 0x3A3A31, 'admin', '2023-03-05 13:18:55');
INSERT INTO `user_logins` VALUES (212, 1, NULL, 0x3A3A31, 'admin', '2023-03-05 16:03:18');
INSERT INTO `user_logins` VALUES (213, 1, NULL, 0x3139322E3136382E312E313338, 'admin', '2023-03-07 09:52:17');
INSERT INTO `user_logins` VALUES (214, 1, NULL, 0x3A3A31, 'admin', '2023-03-09 11:24:24');
INSERT INTO `user_logins` VALUES (215, 1, NULL, 0x3A3A31, 'admin', '2023-03-14 17:06:33');
INSERT INTO `user_logins` VALUES (216, 1, NULL, 0x3139322E3136382E312E3531, 'admin', '2023-03-14 17:07:59');
INSERT INTO `user_logins` VALUES (217, 1, NULL, 0x3A3A31, 'admin', '2023-03-18 19:06:30');
INSERT INTO `user_logins` VALUES (218, 1, NULL, 0x3A3A31, 'admin', '2023-03-21 08:49:03');
INSERT INTO `user_logins` VALUES (219, 1, NULL, 0x3A3A31, 'admin', '2023-03-24 10:39:49');
INSERT INTO `user_logins` VALUES (220, 1, NULL, 0x3A3A31, 'admin', '2023-04-05 13:32:29');
INSERT INTO `user_logins` VALUES (221, 1, NULL, 0x3139322E3136382E312E3137, 'admin', '2023-04-05 13:32:58');
INSERT INTO `user_logins` VALUES (222, 1, NULL, 0x3139322E3136382E312E3236, 'admin', '2023-04-05 13:47:17');
INSERT INTO `user_logins` VALUES (223, 1, NULL, 0x3139322E3136382E312E3236, 'admin', '2023-04-05 14:09:21');
INSERT INTO `user_logins` VALUES (224, 1, NULL, 0x3A3A31, 'admin', '2023-04-07 09:56:33');
INSERT INTO `user_logins` VALUES (225, 1, NULL, 0x3139322E3136382E312E3336, 'admin', '2023-04-07 11:13:57');
INSERT INTO `user_logins` VALUES (226, 1, NULL, 0x3A3A31, 'admin', '2023-04-07 13:53:43');
INSERT INTO `user_logins` VALUES (227, 1, NULL, 0x3139322E3136382E312E3836, 'admin', '2023-04-07 16:54:32');
INSERT INTO `user_logins` VALUES (228, 1, NULL, 0x3A3A31, 'admin', '2023-04-08 08:32:08');
INSERT INTO `user_logins` VALUES (229, 1, NULL, 0x3A3A31, 'admin', '2023-04-08 08:36:28');
INSERT INTO `user_logins` VALUES (230, 1, NULL, 0x3A3A31, 'admin', '2023-04-10 15:27:14');
INSERT INTO `user_logins` VALUES (231, 1, NULL, 0x3A3A31, 'admin', '2023-04-10 17:31:14');
INSERT INTO `user_logins` VALUES (232, 1, NULL, 0x3A3A31, 'admin', '2023-04-11 15:03:24');
INSERT INTO `user_logins` VALUES (233, 1, NULL, 0x3A3A31, 'admin', '2023-04-11 15:12:44');
INSERT INTO `user_logins` VALUES (234, 1, NULL, 0x3A3A31, 'admin', '2023-04-12 08:59:38');
INSERT INTO `user_logins` VALUES (235, 1, NULL, 0x3A3A31, 'admin', '2023-04-12 13:13:51');
INSERT INTO `user_logins` VALUES (236, 1, NULL, 0x3A3A31, 'admin', '2023-04-18 13:44:36');
INSERT INTO `user_logins` VALUES (237, 1, NULL, 0x3A3A31, 'admin', '2023-04-18 17:48:17');
INSERT INTO `user_logins` VALUES (238, 1, NULL, 0x3A3A31, 'admin', '2023-04-18 18:07:45');
INSERT INTO `user_logins` VALUES (239, 1, NULL, 0x3A3A31, 'admin', '2023-04-21 21:15:18');
INSERT INTO `user_logins` VALUES (240, 1, NULL, 0x3A3A31, 'admin', '2023-04-27 20:00:30');
INSERT INTO `user_logins` VALUES (241, 1, NULL, 0x3A3A31, 'admin', '2023-05-30 20:58:43');
INSERT INTO `user_logins` VALUES (242, 1, NULL, 0x3A3A31, 'admin', '2023-06-20 20:31:06');
INSERT INTO `user_logins` VALUES (243, 1, NULL, 0x3A3A31, 'admin', '2023-09-12 18:46:14');
INSERT INTO `user_logins` VALUES (244, 1, NULL, 0x3A3A31, 'admin', '2023-09-23 17:35:35');
INSERT INTO `user_logins` VALUES (245, 1, NULL, 0x3A3A31, 'admin', '2023-09-23 17:43:00');
INSERT INTO `user_logins` VALUES (246, 1, NULL, 0x3A3A31, 'admin', '2023-11-05 09:45:25');
INSERT INTO `user_logins` VALUES (247, 1, NULL, 0x3A3A31, 'admin', '2023-11-05 09:45:31');
INSERT INTO `user_logins` VALUES (248, 1, NULL, 0x3A3A31, 'admin', '2023-11-05 09:46:00');
INSERT INTO `user_logins` VALUES (249, 1, NULL, 0x3A3A31, 'admin', '2023-11-05 09:46:45');
INSERT INTO `user_logins` VALUES (250, 1, NULL, 0x3A3A31, 'admin', '2023-11-06 21:01:50');
INSERT INTO `user_logins` VALUES (251, 1, NULL, 0x3A3A31, 'admin', '2023-11-06 21:37:16');
INSERT INTO `user_logins` VALUES (252, 1, NULL, 0x3A3A31, 'admin', '2023-11-08 21:40:03');
INSERT INTO `user_logins` VALUES (253, 1, NULL, 0x3A3A31, 'admin', '2023-11-08 21:40:45');
INSERT INTO `user_logins` VALUES (254, 1, NULL, 0x3A3A31, 'admin', '2023-11-13 19:27:30');
INSERT INTO `user_logins` VALUES (255, 1, NULL, 0x3A3A31, 'admin', '2023-11-14 21:26:07');
INSERT INTO `user_logins` VALUES (256, 1, NULL, 0x3A3A31, 'admin', '2023-11-20 11:36:28');
INSERT INTO `user_logins` VALUES (257, 1, NULL, 0x3A3A31, 'admin', '2023-11-29 21:23:21');
INSERT INTO `user_logins` VALUES (258, 1, NULL, 0x3A3A31, 'admin', '2023-12-02 18:00:40');
INSERT INTO `user_logins` VALUES (259, 1, NULL, 0x3A3A31, 'admin', '2023-12-02 18:07:32');
INSERT INTO `user_logins` VALUES (260, 1, NULL, 0x3A3A31, 'admin', '2023-12-06 20:42:52');
INSERT INTO `user_logins` VALUES (261, 1, NULL, 0x3A3A31, 'admin', '2023-12-11 20:00:42');
INSERT INTO `user_logins` VALUES (262, 1, NULL, 0x3A3A31, 'admin', '2023-12-26 20:37:06');
INSERT INTO `user_logins` VALUES (263, 1, NULL, 0x3A3A31, 'admin', '2024-02-14 19:32:16');
INSERT INTO `user_logins` VALUES (264, 1, NULL, 0x3A3A31, 'admin', '2024-03-31 14:20:56');
INSERT INTO `user_logins` VALUES (265, 1, NULL, 0x3A3A31, 'admin', '2024-05-22 13:56:49');
INSERT INTO `user_logins` VALUES (266, 1, NULL, 0x3A3A31, 'admin', '2024-06-19 20:05:50');
INSERT INTO `user_logins` VALUES (267, 1, NULL, 0x3A3A31, 'admin', '2024-10-23 20:17:32');
INSERT INTO `user_logins` VALUES (268, 1, NULL, 0x3A3A31, 'admin', '2024-11-01 19:58:32');
INSERT INTO `user_logins` VALUES (269, 1, NULL, 0x3A3A31, 'admin', '2024-11-06 20:15:38');
INSERT INTO `user_logins` VALUES (270, 1, NULL, 0x3A3A31, 'admin', '2025-04-01 20:03:27');
INSERT INTO `user_logins` VALUES (271, 1, NULL, 0x3A3A31, 'admin', '2025-04-04 21:25:59');
INSERT INTO `user_logins` VALUES (272, 1, NULL, 0x3A3A31, 'admin', '2025-04-07 16:09:30');
INSERT INTO `user_logins` VALUES (273, 1, NULL, 0x3A3A31, 'admin', '2025-04-18 19:07:18');
INSERT INTO `user_logins` VALUES (274, 1, NULL, 0x3A3A31, 'admin', '2025-04-19 15:07:30');
INSERT INTO `user_logins` VALUES (275, 1, NULL, 0x3A3A31, 'admin', '2025-04-19 16:11:09');
INSERT INTO `user_logins` VALUES (276, 1, NULL, 0x3A3A31, 'admin', '2025-04-19 18:20:38');
INSERT INTO `user_logins` VALUES (277, 1, NULL, 0x3A3A31, 'admin', '2025-04-19 18:31:53');
INSERT INTO `user_logins` VALUES (278, 1, NULL, 0x3A3A31, 'admin', '2025-04-20 12:37:07');
INSERT INTO `user_logins` VALUES (279, 1, NULL, 0x3A3A31, 'admin', '2025-04-20 12:38:04');
INSERT INTO `user_logins` VALUES (280, 1, NULL, 0x3A3A31, 'admin', '2025-04-20 18:50:53');
INSERT INTO `user_logins` VALUES (281, 1, NULL, 0x3A3A31, 'admin', '2025-04-20 20:06:13');
INSERT INTO `user_logins` VALUES (282, 1, NULL, 0x3A3A31, 'admin', '2025-04-21 07:20:30');
INSERT INTO `user_logins` VALUES (283, 1, NULL, 0x3A3A31, 'admin', '2025-04-21 12:29:19');
INSERT INTO `user_logins` VALUES (284, 1, NULL, 0x3A3A31, 'admin', '2025-04-21 12:35:17');
INSERT INTO `user_logins` VALUES (285, 1, NULL, 0x3A3A31, 'admin', '2025-04-21 20:29:45');
INSERT INTO `user_logins` VALUES (286, 1, NULL, 0x3A3A31, 'admin', '2025-04-22 20:02:43');
INSERT INTO `user_logins` VALUES (287, 1, NULL, 0x3A3A31, 'admin', '2025-04-23 07:10:15');
INSERT INTO `user_logins` VALUES (288, 1, NULL, 0x3A3A31, 'admin', '2025-04-25 07:23:06');
INSERT INTO `user_logins` VALUES (289, 1, NULL, 0x3A3A31, 'admin', '2025-04-25 20:31:38');
INSERT INTO `user_logins` VALUES (290, 1, NULL, 0x3A3A31, 'admin', '2025-04-26 07:08:53');
INSERT INTO `user_logins` VALUES (291, 1, NULL, 0x3139322E3136382E312E3437, 'admin', '2025-04-26 13:26:20');
INSERT INTO `user_logins` VALUES (292, 1, NULL, 0x3A3A31, 'admin', '2025-04-26 13:29:33');
INSERT INTO `user_logins` VALUES (293, 1, NULL, 0x3A3A31, 'admin', '2025-04-29 20:21:06');
INSERT INTO `user_logins` VALUES (294, 1, NULL, 0x3A3A31, 'admin', '2025-04-30 07:40:50');
INSERT INTO `user_logins` VALUES (295, 1, NULL, 0x3A3A31, 'admin', '2025-04-30 23:20:28');
INSERT INTO `user_logins` VALUES (296, 1, NULL, 0x3A3A31, 'admin', '2025-05-03 18:54:34');
INSERT INTO `user_logins` VALUES (297, 1, NULL, 0x3A3A31, 'admin', '2025-05-03 18:56:49');
INSERT INTO `user_logins` VALUES (298, 1, NULL, 0x3A3A31, 'admin', '2025-05-04 18:57:34');
INSERT INTO `user_logins` VALUES (299, 1, NULL, 0x3A3A31, 'admin', '2025-05-04 19:04:29');
INSERT INTO `user_logins` VALUES (300, 1, NULL, 0x3A3A31, 'admin', '2025-05-15 16:45:14');
INSERT INTO `user_logins` VALUES (301, 1, NULL, 0x3A3A31, 'admin', '2025-05-25 10:04:05');
INSERT INTO `user_logins` VALUES (302, 1, NULL, 0x3A3A31, 'admin', '2025-05-25 10:06:11');
INSERT INTO `user_logins` VALUES (303, 1, NULL, 0x3A3A31, 'admin', '2025-05-25 13:55:24');
INSERT INTO `user_logins` VALUES (304, 1, NULL, 0x3A3A31, 'admin', '2025-05-25 13:58:49');
INSERT INTO `user_logins` VALUES (305, 1, NULL, 0x3A3A31, 'admin', '2025-05-25 15:07:55');
INSERT INTO `user_logins` VALUES (306, 1, NULL, 0x3A3A31, 'admin', '2025-05-25 15:12:30');
INSERT INTO `user_logins` VALUES (307, 1, NULL, 0x3A3A31, 'admin', '2025-05-25 15:17:26');
INSERT INTO `user_logins` VALUES (308, 1, NULL, 0x3A3A31, 'admin', '2025-05-29 21:01:29');
INSERT INTO `user_logins` VALUES (309, 1, NULL, 0x3A3A31, 'admin', '2025-05-30 20:48:18');
INSERT INTO `user_logins` VALUES (310, 1, NULL, 0x3A3A31, 'admin', '2025-05-30 20:53:24');
INSERT INTO `user_logins` VALUES (311, 1, NULL, 0x3A3A31, 'admin', '2025-06-06 20:10:49');
INSERT INTO `user_logins` VALUES (312, 1, NULL, 0x3A3A31, 'admin', '2025-06-06 20:18:32');
INSERT INTO `user_logins` VALUES (313, 1, NULL, 0x3A3A31, 'admin', '2025-06-08 10:41:00');
INSERT INTO `user_logins` VALUES (314, 1, NULL, 0x3A3A31, 'admin', '2025-06-08 14:22:22');
INSERT INTO `user_logins` VALUES (315, 1, NULL, 0x3A3A31, 'admin', '2025-06-08 18:59:51');
INSERT INTO `user_logins` VALUES (316, 1, NULL, 0x3A3A31, 'admin', '2025-06-09 07:03:19');
INSERT INTO `user_logins` VALUES (317, 1, NULL, 0x3A3A31, 'admin', '2025-06-09 19:52:11');
INSERT INTO `user_logins` VALUES (318, 1, NULL, 0x3A3A31, 'admin', '2025-06-10 20:44:23');
INSERT INTO `user_logins` VALUES (319, 1, NULL, 0x3A3A31, 'admin', '2025-06-11 19:41:27');
INSERT INTO `user_logins` VALUES (320, 1, NULL, 0x3A3A31, 'admin', '2025-06-11 19:46:29');
INSERT INTO `user_logins` VALUES (321, 1, NULL, 0x3A3A31, 'admin', '2025-06-11 21:01:18');
INSERT INTO `user_logins` VALUES (322, 1, NULL, 0x3A3A31, 'admin', '2025-06-12 07:23:24');
INSERT INTO `user_logins` VALUES (323, 1, NULL, 0x3A3A31, 'admin', '2025-06-18 08:43:22');
INSERT INTO `user_logins` VALUES (324, 1, NULL, 0x3A3A31, 'admin', '2025-06-18 13:35:44');
INSERT INTO `user_logins` VALUES (325, 1, NULL, 0x3A3A31, 'admin', '2025-06-19 20:22:02');
INSERT INTO `user_logins` VALUES (326, 1, NULL, 0x3A3A31, 'admin', '2025-06-23 20:45:38');
INSERT INTO `user_logins` VALUES (327, 1, NULL, 0x3A3A31, 'admin', '2025-06-24 07:20:08');
INSERT INTO `user_logins` VALUES (328, 1, NULL, 0x3A3A31, 'admin', '2025-06-25 20:34:51');
INSERT INTO `user_logins` VALUES (329, 1, NULL, 0x3A3A31, 'admin', '2025-06-26 19:28:46');
INSERT INTO `user_logins` VALUES (330, 1, NULL, 0x3A3A31, 'admin', '2025-06-27 06:57:59');
INSERT INTO `user_logins` VALUES (331, 1, NULL, 0x3A3A31, 'admin', '2025-06-29 07:45:58');
INSERT INTO `user_logins` VALUES (332, 1, NULL, 0x3A3A31, 'admin', '2025-06-29 14:06:55');
INSERT INTO `user_logins` VALUES (333, 1, NULL, 0x3A3A31, 'admin', '2025-06-30 20:00:01');
INSERT INTO `user_logins` VALUES (334, 1, NULL, 0x3A3A31, 'admin', '2025-06-30 20:00:57');
INSERT INTO `user_logins` VALUES (335, 1, NULL, 0x3A3A31, 'admin', '2025-07-03 19:40:19');
INSERT INTO `user_logins` VALUES (336, 1, NULL, 0x3A3A31, 'admin', '2025-07-04 19:05:14');
INSERT INTO `user_logins` VALUES (337, 1, NULL, 0x3A3A31, 'admin', '2025-07-07 08:22:36');
INSERT INTO `user_logins` VALUES (338, 1, NULL, 0x3A3A31, 'admin', '2025-07-08 21:39:34');
INSERT INTO `user_logins` VALUES (339, 1, NULL, 0x3A3A31, 'admin', '2025-07-09 21:27:30');
INSERT INTO `user_logins` VALUES (340, 1, NULL, 0x3A3A31, 'admin', '2025-07-10 07:18:22');
INSERT INTO `user_logins` VALUES (341, 1, NULL, 0x3A3A31, 'admin', '2025-07-13 15:34:59');
INSERT INTO `user_logins` VALUES (342, 1, NULL, 0x3A3A31, 'admin', '2025-07-14 06:59:44');
INSERT INTO `user_logins` VALUES (343, 1, NULL, 0x3A3A31, 'admin', '2025-07-17 06:25:14');
INSERT INTO `user_logins` VALUES (344, 1, NULL, 0x3A3A31, 'admin', '2025-07-17 19:44:28');
INSERT INTO `user_logins` VALUES (345, 1, NULL, 0x3A3A31, 'admin', '2025-07-18 20:45:16');
INSERT INTO `user_logins` VALUES (346, 1, NULL, 0x3A3A31, 'admin', '2025-07-19 06:27:51');
INSERT INTO `user_logins` VALUES (347, 1, NULL, 0x3A3A31, 'admin', '2025-07-22 07:21:14');
INSERT INTO `user_logins` VALUES (348, 1, NULL, 0x3A3A31, 'admin', '2025-07-22 20:33:42');
INSERT INTO `user_logins` VALUES (349, 1, NULL, 0x3A3A31, 'admin', '2025-07-26 08:52:54');
INSERT INTO `user_logins` VALUES (350, 1, NULL, 0x3A3A31, 'admin', '2025-07-26 08:55:26');
INSERT INTO `user_logins` VALUES (351, 1, NULL, 0x3A3A31, 'admin', '2025-07-27 08:43:23');
INSERT INTO `user_logins` VALUES (352, 1, NULL, 0x3A3A31, 'admin', '2025-07-27 14:39:42');
INSERT INTO `user_logins` VALUES (353, 1, NULL, 0x3A3A31, 'admin', '2025-07-30 07:22:11');
INSERT INTO `user_logins` VALUES (354, 1, NULL, 0x3A3A31, 'admin', '2025-07-30 18:43:48');
INSERT INTO `user_logins` VALUES (355, 1, NULL, 0x3A3A31, 'admin', '2025-07-30 18:58:29');
INSERT INTO `user_logins` VALUES (356, 1, NULL, 0x3A3A31, 'admin', '2025-07-30 19:54:06');
INSERT INTO `user_logins` VALUES (357, 1, NULL, 0x3A3A31, 'admin', '2025-08-05 20:51:55');
INSERT INTO `user_logins` VALUES (358, 1, NULL, 0x3A3A31, 'admin', '2025-08-08 20:19:17');
INSERT INTO `user_logins` VALUES (359, 1, NULL, 0x3A3A31, 'admin', '2025-08-08 21:05:06');
INSERT INTO `user_logins` VALUES (360, 1, NULL, 0x3A3A31, 'admin', '2025-08-11 19:14:53');
INSERT INTO `user_logins` VALUES (361, 1, NULL, 0x3A3A31, 'admin', '2025-08-12 06:59:04');
INSERT INTO `user_logins` VALUES (362, 1, NULL, 0x3A3A31, 'admin', '2025-08-12 12:30:37');
INSERT INTO `user_logins` VALUES (363, 1, NULL, 0x3A3A31, 'admin', '2025-08-12 12:33:38');
INSERT INTO `user_logins` VALUES (364, 1, NULL, 0x3A3A31, 'admin', '2025-08-14 12:33:05');
INSERT INTO `user_logins` VALUES (365, 1, NULL, 0x3A3A31, 'admin', '2025-08-14 16:57:40');
INSERT INTO `user_logins` VALUES (366, 1, NULL, 0x3A3A31, 'admin', '2025-08-14 17:28:32');
INSERT INTO `user_logins` VALUES (367, 1, NULL, 0x3A3A31, 'admin', '2025-08-14 17:28:43');
INSERT INTO `user_logins` VALUES (368, 1, NULL, 0x3A3A31, 'admin', '2025-08-15 09:12:10');
INSERT INTO `user_logins` VALUES (369, 1, NULL, 0x3A3A31, 'admin', '2025-08-15 12:04:26');
INSERT INTO `user_logins` VALUES (370, 1, NULL, 0x3A3A31, 'admin', '2025-08-18 12:22:05');
INSERT INTO `user_logins` VALUES (371, 1, NULL, 0x3A3A31, 'admin', '2025-08-18 12:40:33');
INSERT INTO `user_logins` VALUES (372, 1, NULL, 0x3A3A31, 'admin', '2025-08-18 12:48:55');
INSERT INTO `user_logins` VALUES (373, 1, NULL, 0x3A3A31, 'admin', '2025-08-18 20:28:19');
INSERT INTO `user_logins` VALUES (374, 1, NULL, 0x3A3A31, 'admin', '2025-08-19 07:23:12');
INSERT INTO `user_logins` VALUES (375, 1, NULL, 0x3A3A31, 'admin', '2025-08-20 20:25:40');
INSERT INTO `user_logins` VALUES (376, 1, NULL, 0x3A3A31, 'admin', '2025-08-21 20:12:15');
INSERT INTO `user_logins` VALUES (377, 1, NULL, 0x3A3A31, 'admin', '2025-08-21 21:04:53');
INSERT INTO `user_logins` VALUES (378, 1, NULL, 0x3A3A31, 'admin', '2025-08-23 15:27:48');
INSERT INTO `user_logins` VALUES (379, 1, NULL, 0x3A3A31, 'admin', '2025-08-27 07:10:31');
INSERT INTO `user_logins` VALUES (380, 1, NULL, 0x3A3A31, 'admin', '2025-08-27 19:13:20');
INSERT INTO `user_logins` VALUES (381, 1, NULL, 0x3A3A31, 'admin', '2025-08-27 19:23:38');
INSERT INTO `user_logins` VALUES (382, 1, NULL, 0x3A3A31, 'admin', '2025-09-02 07:06:08');
INSERT INTO `user_logins` VALUES (383, 1, NULL, 0x3A3A31, 'admin', '2025-09-02 07:30:46');
INSERT INTO `user_logins` VALUES (384, 1, NULL, 0x3A3A31, 'admin', '2025-09-13 07:10:55');
INSERT INTO `user_logins` VALUES (385, 1, NULL, 0x3A3A31, 'admin', '2025-09-13 13:50:20');
INSERT INTO `user_logins` VALUES (386, 1, NULL, 0x3A3A31, 'admin', '2025-09-15 15:03:01');
INSERT INTO `user_logins` VALUES (387, 1, NULL, 0x3A3A31, 'admin', '2025-09-15 15:06:47');
INSERT INTO `user_logins` VALUES (388, 1, NULL, 0x3A3A31, 'admin', '2025-09-18 11:55:57');
INSERT INTO `user_logins` VALUES (389, 1, NULL, 0x3A3A31, 'admin', '2025-09-28 06:40:33');
INSERT INTO `user_logins` VALUES (390, 1, NULL, 0x3A3A31, 'admin', '2025-09-28 06:41:00');
INSERT INTO `user_logins` VALUES (391, 1, NULL, 0x3A3A31, 'admin', '2025-10-16 20:24:36');
INSERT INTO `user_logins` VALUES (392, 1, NULL, 0x3A3A31, 'admin', '2025-10-23 19:12:03');
INSERT INTO `user_logins` VALUES (393, 1, NULL, 0x3A3A31, 'admin', '2025-10-25 18:27:37');
INSERT INTO `user_logins` VALUES (394, 1, NULL, 0x3A3A31, 'admin', '2025-10-25 19:49:32');
INSERT INTO `user_logins` VALUES (395, 1, NULL, 0x3A3A31, 'admin', '2025-10-30 20:09:19');
INSERT INTO `user_logins` VALUES (396, 1, NULL, 0x3A3A31, 'admin', '2025-10-30 20:39:04');
INSERT INTO `user_logins` VALUES (397, 1, NULL, 0x3A3A31, 'admin', '2025-10-30 20:49:00');
INSERT INTO `user_logins` VALUES (398, 1, NULL, 0x3A3A31, 'admin', '2025-10-31 20:20:42');
INSERT INTO `user_logins` VALUES (399, 1, NULL, 0x3A3A31, 'admin', '2025-10-31 20:47:57');
INSERT INTO `user_logins` VALUES (400, 1, NULL, 0x3A3A31, 'admin', '2025-11-07 08:49:01');
INSERT INTO `user_logins` VALUES (401, 1, NULL, 0x3A3A31, 'admin', '2025-11-07 08:52:41');
INSERT INTO `user_logins` VALUES (402, 1, NULL, 0x3A3A31, 'admin', '2025-12-26 21:26:25');
INSERT INTO `user_logins` VALUES (403, 1, NULL, 0x3A3A31, 'admin', '2025-12-26 21:26:25');
INSERT INTO `user_logins` VALUES (404, 1, NULL, 0x3A3A31, 'admin', '2025-12-26 21:32:12');
INSERT INTO `user_logins` VALUES (405, 1, NULL, 0x3A3A31, 'admin', '2025-12-28 10:19:06');
INSERT INTO `user_logins` VALUES (406, 1, NULL, 0x3A3A31, 'admin', '2025-12-28 10:39:08');
INSERT INTO `user_logins` VALUES (407, 1, NULL, 0x3A3A31, 'admin', '2025-12-29 16:44:48');
INSERT INTO `user_logins` VALUES (408, 1, NULL, 0x3A3A31, 'admin', '2025-12-31 08:12:40');
INSERT INTO `user_logins` VALUES (409, 1, NULL, 0x3A3A31, 'admin', '2026-01-03 13:13:12');
INSERT INTO `user_logins` VALUES (410, 1, NULL, 0x3A3A31, 'admin', '2026-01-03 14:03:22');
INSERT INTO `user_logins` VALUES (411, 1, NULL, 0x3A3A31, 'admin', '2026-01-05 13:28:25');
INSERT INTO `user_logins` VALUES (412, 1, NULL, 0x3A3A31, 'admin', '2026-01-06 13:16:14');
INSERT INTO `user_logins` VALUES (413, 1, NULL, 0x3A3A31, 'admin', '2026-01-06 15:05:03');
INSERT INTO `user_logins` VALUES (414, 1, NULL, 0x3A3A31, 'admin', '2026-01-08 13:51:44');
INSERT INTO `user_logins` VALUES (415, 1, NULL, 0x3A3A31, 'admin', '2026-01-08 16:42:35');
INSERT INTO `user_logins` VALUES (416, 1, NULL, 0x3A3A31, 'admin', '2026-01-08 16:46:02');
INSERT INTO `user_logins` VALUES (417, 1, NULL, 0x3A3A31, 'admin', '2026-01-08 16:52:50');
INSERT INTO `user_logins` VALUES (418, 1, NULL, 0x3A3A31, 'admin', '2026-01-08 17:02:34');
INSERT INTO `user_logins` VALUES (419, 1, NULL, 0x3A3A31, 'admin', '2026-01-08 17:04:06');
INSERT INTO `user_logins` VALUES (420, 1, NULL, 0x3A3A31, 'admin', '2026-01-08 17:16:37');
INSERT INTO `user_logins` VALUES (421, 1, NULL, 0x3A3A31, 'admin', '2026-01-08 17:20:56');
INSERT INTO `user_logins` VALUES (422, 1, NULL, 0x3A3A31, 'admin', '2026-01-08 17:22:28');
INSERT INTO `user_logins` VALUES (423, 1, NULL, 0x3A3A31, 'admin', '2026-01-08 17:52:13');
INSERT INTO `user_logins` VALUES (424, 1, NULL, 0x3A3A31, 'admin', '2026-01-09 08:56:29');
INSERT INTO `user_logins` VALUES (425, 1, NULL, 0x3A3A31, 'admin', '2026-01-09 14:57:10');
INSERT INTO `user_logins` VALUES (426, 1, NULL, 0x3A3A31, 'admin', '2026-01-09 15:56:48');
INSERT INTO `user_logins` VALUES (427, 1, NULL, 0x3A3A31, 'admin', '2026-01-10 09:03:28');
INSERT INTO `user_logins` VALUES (428, 1, NULL, 0x3A3A31, 'admin', '2026-01-10 11:12:19');
INSERT INTO `user_logins` VALUES (429, 1, NULL, 0x3A3A31, 'admin', '2026-01-10 11:12:20');
INSERT INTO `user_logins` VALUES (430, 1, NULL, 0x3A3A31, 'admin', '2026-01-10 11:12:21');
INSERT INTO `user_logins` VALUES (431, 1, NULL, 0x3A3A31, 'admin', '2026-01-10 11:12:32');

-- ----------------------------
-- Table structure for users
-- ----------------------------
DROP TABLE IF EXISTS `users`;
CREATE TABLE `users`  (
  `id` int(10) UNSIGNED NOT NULL AUTO_INCREMENT,
  `last_ip_address` varbinary(45) NULL DEFAULT NULL,
  `ip_address` varbinary(45) NULL DEFAULT NULL,
  `username` varchar(100) CHARACTER SET utf8 COLLATE utf8_general_ci NOT NULL,
  `password` varchar(40) CHARACTER SET utf8 COLLATE utf8_general_ci NOT NULL,
  `email` varchar(100) CHARACTER SET utf8 COLLATE utf8_general_ci NOT NULL,
  `created_on` int(10) UNSIGNED NOT NULL,
  `last_login` int(10) UNSIGNED NULL DEFAULT NULL,
  `active` tinyint(3) UNSIGNED NULL DEFAULT NULL,
  `first_name` varchar(50) CHARACTER SET utf8 COLLATE utf8_general_ci NULL DEFAULT NULL,
  `last_name` varchar(50) CHARACTER SET utf8 COLLATE utf8_general_ci NULL DEFAULT NULL,
  `company` varchar(100) CHARACTER SET utf8 COLLATE utf8_general_ci NULL DEFAULT NULL,
  `phone` varchar(20) CHARACTER SET utf8 COLLATE utf8_general_ci NULL DEFAULT NULL,
  `avatar` varchar(55) CHARACTER SET utf8 COLLATE utf8_general_ci NULL DEFAULT NULL,
  `gender` varchar(20) CHARACTER SET utf8 COLLATE utf8_general_ci NULL DEFAULT NULL,
  `group_id` int(10) UNSIGNED NOT NULL DEFAULT 2,
  `branch_id` int(11) NULL DEFAULT NULL,
  `show_all_record` int(1) NULL DEFAULT 1,
  `created_by` int(11) NULL DEFAULT NULL,
  `salt` varchar(40) CHARACTER SET utf8 COLLATE utf8_general_ci NULL DEFAULT NULL,
  `activation_code` varchar(40) CHARACTER SET utf8 COLLATE utf8_general_ci NULL DEFAULT NULL,
  `forgotten_password_code` varchar(40) CHARACTER SET utf8 COLLATE utf8_general_ci NULL DEFAULT NULL,
  `forgotten_password_time` int(10) UNSIGNED NULL DEFAULT NULL,
  `remember_code` varchar(40) CHARACTER SET utf8 COLLATE utf8_general_ci NULL DEFAULT NULL,
  PRIMARY KEY (`id`) USING BTREE,
  INDEX `group_id`(`group_id`) USING BTREE
) ENGINE = InnoDB AUTO_INCREMENT = 5 CHARACTER SET = utf8 COLLATE = utf8_general_ci ROW_FORMAT = Dynamic;

-- ----------------------------
-- Records of users
-- ----------------------------
INSERT INTO `users` VALUES (1, 0x3A3A31, 0x3132372E302E302E31, 'admin', 'fe941d48eb1fbce34b4588ae500861570fb0e398', 'admin@tecdiary.com', 1435204774, 1768018352, 1, 'Help', 'You', 'HELP-YOU', '012345678', 'no_image.png', 'male', 1, NULL, 1, 1, NULL, NULL, NULL, NULL, 'b2d2c8fd5d9a5f19901279ac74cec92dc15ac970');
INSERT INTO `users` VALUES (2, 0x3A3A31, 0x3A3A31, 'admin@855solution.com', 'b7def8858c7a1636f15d22dc8ece17e796268765', 'chhomphea4511@gmail.com', 1663309919, 1676447868, 1, 'chhom', 'phea', NULL, '0187948899', NULL, 'male', 1, NULL, 1, 1, NULL, NULL, NULL, NULL, NULL);
INSERT INTO `users` VALUES (3, 0x3A3A31, 0x3A3A31, 'test', '029e09f6e658bd3759501a12aa9cf95b05902dc2', 'admin@855solution.com', 1671346816, 1672823994, 1, 'Test', 'User', NULL, '0123456789', NULL, 'male', 2, 1, 1, 1, NULL, NULL, NULL, NULL, NULL);
INSERT INTO `users` VALUES (4, NULL, 0x3A3A31, 'phea', '883cb1a7571be68c31dc5410769652bfaa673396', 'admin@example.com', 1671349361, 1671349361, 1, 'Nget', 'Testing', NULL, 'N/A', NULL, 'male', 2, 1, 1, 1, NULL, NULL, NULL, NULL, NULL);

SET FOREIGN_KEY_CHECKS = 1;
